-- MariaDB dump 10.19  Distrib 10.7.3-MariaDB, for osx10.17 (x86_64)
--
-- Host: localhost    Database: eco_it_db
-- ------------------------------------------------------
-- Server version	8.0.28

/*!40101 SET @OLD_CHARACTER_SET_CLIENT=@@CHARACTER_SET_CLIENT */;
/*!40101 SET @OLD_CHARACTER_SET_RESULTS=@@CHARACTER_SET_RESULTS */;
/*!40101 SET @OLD_COLLATION_CONNECTION=@@COLLATION_CONNECTION */;
/*!40101 SET NAMES utf8mb4 */;
/*!40103 SET @OLD_TIME_ZONE=@@TIME_ZONE */;
/*!40103 SET TIME_ZONE='+00:00' */;
/*!40014 SET @OLD_UNIQUE_CHECKS=@@UNIQUE_CHECKS, UNIQUE_CHECKS=0 */;
/*!40014 SET @OLD_FOREIGN_KEY_CHECKS=@@FOREIGN_KEY_CHECKS, FOREIGN_KEY_CHECKS=0 */;
/*!40101 SET @OLD_SQL_MODE=@@SQL_MODE, SQL_MODE='NO_AUTO_VALUE_ON_ZERO' */;
/*!40111 SET @OLD_SQL_NOTES=@@SQL_NOTES, SQL_NOTES=0 */;

--
-- Table structure for table `admin`
--

DROP TABLE IF EXISTS `admin`;
/*!40101 SET @saved_cs_client     = @@character_set_client */;
/*!40101 SET character_set_client = utf8 */;
CREATE TABLE `admin` (
  `id` int NOT NULL,
  PRIMARY KEY (`id`),
  CONSTRAINT `FK_880E0D76BF396750` FOREIGN KEY (`id`) REFERENCES `user` (`id`) ON DELETE CASCADE
) ENGINE=InnoDB DEFAULT CHARSET=utf8mb4 COLLATE=utf8mb4_unicode_ci;
/*!40101 SET character_set_client = @saved_cs_client */;

--
-- Dumping data for table `admin`
--

LOCK TABLES `admin` WRITE;
/*!40000 ALTER TABLE `admin` DISABLE KEYS */;
INSERT INTO `admin` VALUES
(1);
/*!40000 ALTER TABLE `admin` ENABLE KEYS */;
UNLOCK TABLES;

--
-- Table structure for table `answer`
--

DROP TABLE IF EXISTS `answer`;
/*!40101 SET @saved_cs_client     = @@character_set_client */;
/*!40101 SET character_set_client = utf8 */;
CREATE TABLE `answer` (
  `id` int NOT NULL AUTO_INCREMENT,
  `question_id` int NOT NULL,
  `answer` varchar(255) COLLATE utf8mb4_unicode_ci NOT NULL,
  `is_correct` tinyint(1) NOT NULL,
  PRIMARY KEY (`id`),
  KEY `IDX_DADD4A251E27F6BF` (`question_id`),
  CONSTRAINT `FK_DADD4A251E27F6BF` FOREIGN KEY (`question_id`) REFERENCES `question` (`id`)
) ENGINE=InnoDB AUTO_INCREMENT=79 DEFAULT CHARSET=utf8mb4 COLLATE=utf8mb4_unicode_ci;
/*!40101 SET character_set_client = @saved_cs_client */;

--
-- Dumping data for table `answer`
--

LOCK TABLES `answer` WRITE;
/*!40000 ALTER TABLE `answer` DISABLE KEYS */;
INSERT INTO `answer` VALUES
(1,1,'Curabitur eleifend',1),
(2,1,'Curabitur eleifend',0),
(3,1,'Curabitur eleifend',0),
(4,2,'Curabitur eleifend',0),
(5,2,'Curabitur eleifend',1),
(6,2,'Curabitur eleifend',0),
(7,3,'Curabitur eleifend',1),
(8,3,'Curabitur eleifend',0),
(9,3,'Curabitur eleifend',0),
(10,4,'Curabitur eleifend',1),
(11,4,'Curabitur eleifend',0),
(12,4,'Curabitur eleifend',0),
(13,5,'Curabitur eleifend',1),
(14,5,'Curabitur eleifend',0),
(15,5,'Curabitur eleifend',0),
(16,6,'Curabitur eleifend',1),
(17,6,'Curabitur eleifend',0),
(18,6,'Curabitur eleifend',0),
(19,7,'Curabitur eleifend',1),
(20,7,'Curabitur eleifend',0),
(21,7,'Curabitur eleifend',0),
(22,8,'Curabitur eleifend',1),
(23,8,'Curabitur eleifend',0),
(24,8,'Curabitur eleifend',0),
(25,9,'Curabitur eleifend',1),
(26,9,'Curabitur eleifend',0),
(27,9,'Curabitur eleifend',0),
(28,10,'Curabitur eleifend',1),
(29,10,'Curabitur eleifend',0),
(30,10,'Curabitur eleifend',0),
(31,11,'Curabitur eleifend',1),
(32,11,'Curabitur eleifend',0),
(33,11,'Curabitur eleifend',0),
(34,12,'Curabitur eleifend',1),
(35,12,'Curabitur eleifend',0),
(36,12,'Curabitur eleifend',0),
(37,13,'Curabitur eleifend',1),
(38,13,'Curabitur eleifend',0),
(39,13,'Curabitur eleifend',0),
(40,14,'Curabitur eleifend',1),
(41,14,'Curabitur eleifend',0),
(42,14,'Curabitur eleifend',0),
(43,15,'Curabitur eleifend',1),
(44,15,'Curabitur eleifend',0),
(45,15,'Curabitur eleifend',0),
(46,16,'Curabitur eleifend',1),
(47,16,'Curabitur eleifend',0),
(48,16,'Curabitur eleifend',0),
(49,17,'Curabitur eleifend',1),
(50,17,'Curabitur eleifend',0),
(51,17,'Curabitur eleifend',0),
(52,18,'Curabitur eleifend',1),
(53,18,'Curabitur eleifend',0),
(54,18,'Curabitur eleifend',0),
(55,19,'Praesent sagitti',1),
(56,19,'Lorem Ipsum',0),
(57,19,'Nullam',0),
(58,20,'Proin tristique',0),
(59,20,'Donec suscipit',1),
(60,20,'In ornare non',0),
(61,21,'Praesent sagitti',1),
(62,21,'Lorem Ipsum',0),
(63,21,'Nullam',0),
(64,22,'Proin tristique',0),
(65,22,'Donec suscipit',1),
(66,22,'In ornare non',0),
(67,23,'Lorem Ipsum',0),
(68,23,'Nullam',1),
(69,23,'Proin tristique',0),
(70,24,'Donec suscipit',0),
(71,24,'In ornare non',0),
(72,24,'Praesent sagitti',1),
(73,25,'Lorem Ipsum',0),
(74,25,'Nullam',1),
(75,25,'Proin tristique',0),
(76,26,'Donec suscipit',1),
(77,26,'In ornare non',0),
(78,26,'Donec suscipit',0);
/*!40000 ALTER TABLE `answer` ENABLE KEYS */;
UNLOCK TABLES;

--
-- Table structure for table `course`
--

DROP TABLE IF EXISTS `course`;
/*!40101 SET @saved_cs_client     = @@character_set_client */;
/*!40101 SET character_set_client = utf8 */;
CREATE TABLE `course` (
  `id` int NOT NULL AUTO_INCREMENT,
  `teacher_id` int NOT NULL,
  `title` varchar(255) COLLATE utf8mb4_unicode_ci NOT NULL,
  `description` longtext COLLATE utf8mb4_unicode_ci NOT NULL,
  `course_picture` varchar(255) COLLATE utf8mb4_unicode_ci DEFAULT NULL,
  `creation_date` date NOT NULL,
  PRIMARY KEY (`id`),
  KEY `IDX_169E6FB941807E1D` (`teacher_id`),
  CONSTRAINT `FK_169E6FB941807E1D` FOREIGN KEY (`teacher_id`) REFERENCES `teacher` (`id`)
) ENGINE=InnoDB AUTO_INCREMENT=5 DEFAULT CHARSET=utf8mb4 COLLATE=utf8mb4_unicode_ci;
/*!40101 SET character_set_client = @saved_cs_client */;

--
-- Dumping data for table `course`
--

LOCK TABLES `course` WRITE;
/*!40000 ALTER TABLE `course` DISABLE KEYS */;
INSERT INTO `course` VALUES
(1,2,'Symfony - Bien débuter','Au cours de cette formation vous apprendrez à concevoir un projet complet d\'application Symfony, en utilisant Doctrine, Twig ou encore le bundle de sécurité.','1648645572-symfony-logo.png','2022-02-28'),
(2,2,'Les bases du développement web','Cette formation à pour objectif de vous apprendre les bases du développement web en partant d\'HTML, puis CSS et enfin JS.','1648648838-html-css-js.png','2022-02-02'),
(3,3,'Swift et SwiftUI','Au cours de cette formation, nous verrons ensemble les bases du langages d\'Apple, Swift, ce qui nous permettra de ensuite de réaliser notre premier projet d\'app avec SwiftUI.','1648650134-swift.png','2022-03-18'),
(4,3,'Introduction à l\'éco-conception','Dans cette formations vous apprendrez les fondamentaux de l\'éco-conception dans le milieu du développement web, ainsi que ses avantages.','1648656847-ecoconception.png','2022-03-30');
/*!40000 ALTER TABLE `course` ENABLE KEYS */;
UNLOCK TABLES;

--
-- Table structure for table `course_progress`
--

DROP TABLE IF EXISTS `course_progress`;
/*!40101 SET @saved_cs_client     = @@character_set_client */;
/*!40101 SET character_set_client = utf8 */;
CREATE TABLE `course_progress` (
  `id` int NOT NULL AUTO_INCREMENT,
  `student_id` int NOT NULL,
  `course_id` int NOT NULL,
  `progress` double NOT NULL,
  PRIMARY KEY (`id`),
  KEY `IDX_8BB59F10CB944F1A` (`student_id`),
  KEY `IDX_8BB59F10591CC992` (`course_id`),
  CONSTRAINT `FK_8BB59F10591CC992` FOREIGN KEY (`course_id`) REFERENCES `course` (`id`),
  CONSTRAINT `FK_8BB59F10CB944F1A` FOREIGN KEY (`student_id`) REFERENCES `student` (`id`)
) ENGINE=InnoDB AUTO_INCREMENT=4 DEFAULT CHARSET=utf8mb4 COLLATE=utf8mb4_unicode_ci;
/*!40101 SET character_set_client = @saved_cs_client */;

--
-- Dumping data for table `course_progress`
--

LOCK TABLES `course_progress` WRITE;
/*!40000 ALTER TABLE `course_progress` DISABLE KEYS */;
INSERT INTO `course_progress` VALUES
(1,6,2,1),
(2,6,4,0.125),
(3,6,1,0);
/*!40000 ALTER TABLE `course_progress` ENABLE KEYS */;
UNLOCK TABLES;

--
-- Table structure for table `course_progress_lesson`
--

DROP TABLE IF EXISTS `course_progress_lesson`;
/*!40101 SET @saved_cs_client     = @@character_set_client */;
/*!40101 SET character_set_client = utf8 */;
CREATE TABLE `course_progress_lesson` (
  `course_progress_id` int NOT NULL,
  `lesson_id` int NOT NULL,
  PRIMARY KEY (`course_progress_id`,`lesson_id`),
  KEY `IDX_68D61D7637B5B71D` (`course_progress_id`),
  KEY `IDX_68D61D76CDF80196` (`lesson_id`),
  CONSTRAINT `FK_68D61D7637B5B71D` FOREIGN KEY (`course_progress_id`) REFERENCES `course_progress` (`id`) ON DELETE CASCADE,
  CONSTRAINT `FK_68D61D76CDF80196` FOREIGN KEY (`lesson_id`) REFERENCES `lesson` (`id`) ON DELETE CASCADE
) ENGINE=InnoDB DEFAULT CHARSET=utf8mb4 COLLATE=utf8mb4_unicode_ci;
/*!40101 SET character_set_client = @saved_cs_client */;

--
-- Dumping data for table `course_progress_lesson`
--

LOCK TABLES `course_progress_lesson` WRITE;
/*!40000 ALTER TABLE `course_progress_lesson` DISABLE KEYS */;
INSERT INTO `course_progress_lesson` VALUES
(1,12),
(1,13),
(1,14),
(1,15),
(1,16),
(1,17),
(1,18),
(1,19),
(1,20),
(2,30);
/*!40000 ALTER TABLE `course_progress_lesson` ENABLE KEYS */;
UNLOCK TABLES;

--
-- Table structure for table `doctrine_migration_versions`
--

DROP TABLE IF EXISTS `doctrine_migration_versions`;
/*!40101 SET @saved_cs_client     = @@character_set_client */;
/*!40101 SET character_set_client = utf8 */;
CREATE TABLE `doctrine_migration_versions` (
  `version` varchar(191) COLLATE utf8_unicode_ci NOT NULL,
  `executed_at` datetime DEFAULT NULL,
  `execution_time` int DEFAULT NULL,
  PRIMARY KEY (`version`)
) ENGINE=InnoDB DEFAULT CHARSET=utf8mb3 COLLATE=utf8_unicode_ci;
/*!40101 SET character_set_client = @saved_cs_client */;

--
-- Dumping data for table `doctrine_migration_versions`
--

LOCK TABLES `doctrine_migration_versions` WRITE;
/*!40000 ALTER TABLE `doctrine_migration_versions` DISABLE KEYS */;
INSERT INTO `doctrine_migration_versions` VALUES
('DoctrineMigrations\\Version20220318090402','2022-03-18 09:04:16',27),
('DoctrineMigrations\\Version20220321094315','2022-03-21 09:43:24',239),
('DoctrineMigrations\\Version20220322111710','2022-03-22 11:17:21',82),
('DoctrineMigrations\\Version20220322112327','2022-03-22 11:23:34',93),
('DoctrineMigrations\\Version20220324133558','2022-03-24 13:36:08',30),
('DoctrineMigrations\\Version20220324152250','2022-03-24 15:22:56',25);
/*!40000 ALTER TABLE `doctrine_migration_versions` ENABLE KEYS */;
UNLOCK TABLES;

--
-- Table structure for table `lesson`
--

DROP TABLE IF EXISTS `lesson`;
/*!40101 SET @saved_cs_client     = @@character_set_client */;
/*!40101 SET character_set_client = utf8 */;
CREATE TABLE `lesson` (
  `id` int NOT NULL AUTO_INCREMENT,
  `section_id` int NOT NULL,
  `title` varchar(255) COLLATE utf8mb4_unicode_ci NOT NULL,
  `order_in_section` int NOT NULL,
  `video` varchar(255) COLLATE utf8mb4_unicode_ci DEFAULT NULL,
  `lesson_content` longtext COLLATE utf8mb4_unicode_ci NOT NULL,
  PRIMARY KEY (`id`),
  KEY `IDX_F87474F3D823E37A` (`section_id`),
  CONSTRAINT `FK_F87474F3D823E37A` FOREIGN KEY (`section_id`) REFERENCES `section` (`id`)
) ENGINE=InnoDB AUTO_INCREMENT=38 DEFAULT CHARSET=utf8mb4 COLLATE=utf8mb4_unicode_ci;
/*!40101 SET character_set_client = @saved_cs_client */;

--
-- Dumping data for table `lesson`
--

LOCK TABLES `lesson` WRITE;
/*!40000 ALTER TABLE `lesson` DISABLE KEYS */;
INSERT INTO `lesson` VALUES
(1,1,'Mise en place et installation',1,'https://www.youtube.com/embed/f7CamwgRAGI','<h1>Lorem ipsum dolor sit amet</h1><div><br></div><div>Consectetur adipiscing elit. Nam non nibh massa. Fusce porta cursus velit, sed vehicula mi ultrices sit amet. Proin in laoreet <em>eros</em>. Pellentesque bibendum felis mi, et tristique ante dignissim a. Donec metus lorem, gravida eu dignissim sed, malesuada ac velit. Quisque ultricies rhoncus diam, vel sollicitudin mi euismod non. Fusce viverra tortor eu justo tincidunt, eget mollis nunc viverra. <strong>Nullam ac sodales leo</strong>. Donec dapibus vehicula tincidunt. Proin nec nisi accumsan, feugiat ex id, faucibus diam. Nunc ac libero quis est pharetra dignissim. In hac habitasse platea dictumst. Vivamus pretium, enim sit amet ullamcorper porta, nibh odio interdum turpis, sit amet blandit urna sapien eget sem. Nulla aliquam nisl nec nunc cursus tristique. <em>Praesent</em> eu dolor eget dui volutpat interdum non in sapien.<br><br></div><h1>Nulla mollis quam sed quam posuere</h1><div><br></div><div>Nec imperdiet justo finibus. Aliquam nibh ipsum, ornare quis viverra quis, malesuada convallis lorem. Morbi mattis fringilla purus, et congue dolor pulvinar eu. Cras et lectus vitae nulla pharetra posuere. Aenean tincidunt ultricies orci eu elementum. Sed sem tellus, cursus in nisl a, laoreet congue dui. Pellentesque habitant morbi tristique senectus et netus et malesuada fames ac turpis egestas.<br><br></div><h1>Praesent interdum ligula ac&nbsp;</h1><div><br></div><blockquote>Enim convallis, commodo feugiat magna luctus. Sed eu lobortis nulla, in interdum ex. Aliquam pellentesque commodo mollis.&nbsp;</blockquote><div><br>Interdum et malesuada fames ac ante ipsum primis in faucibus. Suspendisse arcu nisi, eleifend vel diam et, fringilla sagittis massa. Pellentesque quis lobortis quam. Morbi sit amet mi vitae risus volutpat eleifend in nec lorem. Ut diam nunc, venenatis egestas porttitor eget, rhoncus nec metus. Nam ac venenatis magna. Vestibulum at lacus nec augue finibus tempus in in dolor. In hac habitasse platea dictumst. Nunc ultricies iaculis velit, eu vulputate urna tincidunt a. Suspendisse potenti.<br><br></div><ul><li>Sed ut varius mi. Praesent nisl erat</li><li>Sodales at sagittis ac, rutrum in neque&nbsp;</li><li>Curabitur eros sapien, condimentum&nbsp;</li><li>Varius consequat vel, faucibus quis dolor.&nbsp;</li></ul><div><br></div><h1>Duis sollicitudin, ligula a sodales ultricies</h1><div><br>Odio urna varius erat, at bibendum sapien metus molestie nibh. Vivamus pharetra imperdiet aliquam. Fusce quis lectus vulputate ipsum molestie elementum a eget odio. Donec mattis risus ut nunc sollicitudin, sed imperdiet ex ultrices. Orci varius natoque penatibus et magnis dis parturient montes, nascetur ridiculus mus. Donec ac tempus ligula.</div><div><br></div><h1>Nunc iaculis mattis metus ac viverra</h1><div><br></div><div>Quisque eleifend faucibus augue, a placerat mi venenatis id. Aenean non viverra tortor. Sed erat tellus, sodales mattis nunc nec, rutrum sollicitudin ligula. In molestie, ex vel pharetra feugiat, metus sapien ultrices odio, quis posuere tortor neque at risus. Maecenas tortor risus, feugiat nec nunc a, molestie euismod lacus. Fusce sagittis risus quis magna placerat, consectetur dapibus ipsum gravida. Nam porttitor faucibus facilisis. Ut id est maximus, pretium metus sit amet, porttitor sapien. Aenean auctor dolor augue, ut vestibulum felis laoreet eu. Fusce ex lectus, scelerisque ut elementum id, auctor ut magna. Fusce ultrices, sem non sodales placerat, ipsum dui consectetur augue, non ultricies nulla libero consectetur velit. <br><br>Praesent dignissim lacinia lectus vel feugiat. Nam euismod nunc at quam volutpat, et molestie enim fringilla. Duis posuere urna vel metus ultricies convallis. <strong>Mauris blandit enim in odio dictum, a tempus lorem luctus.</strong></div><div><br></div>'),
(2,1,'Créer des pages',2,'https://www.youtube.com/embed/f7CamwgRAGI','<h1>Lorem ipsum dolor sit amet</h1><div><br></div><div>Consectetur adipiscing elit. Nam non nibh massa. Fusce porta cursus velit, sed vehicula mi ultrices sit amet. Proin in laoreet <em>eros</em>. Pellentesque bibendum felis mi, et tristique ante dignissim a. Donec metus lorem, gravida eu dignissim sed, malesuada ac velit. Quisque ultricies rhoncus diam, vel sollicitudin mi euismod non. Fusce viverra tortor eu justo tincidunt, eget mollis nunc viverra. <strong>Nullam ac sodales leo</strong>. Donec dapibus vehicula tincidunt. Proin nec nisi accumsan, feugiat ex id, faucibus diam. Nunc ac libero quis est pharetra dignissim. In hac habitasse platea dictumst. Vivamus pretium, enim sit amet ullamcorper porta, nibh odio interdum turpis, sit amet blandit urna sapien eget sem. Nulla aliquam nisl nec nunc cursus tristique. <em>Praesent</em> eu dolor eget dui volutpat interdum non in sapien.<br><br></div><h1>Nulla mollis quam sed quam posuere</h1><div><br></div><div>Nec imperdiet justo finibus. Aliquam nibh ipsum, ornare quis viverra quis, malesuada convallis lorem. Morbi mattis fringilla purus, et congue dolor pulvinar eu. Cras et lectus vitae nulla pharetra posuere. Aenean tincidunt ultricies orci eu elementum. Sed sem tellus, cursus in nisl a, laoreet congue dui. Pellentesque habitant morbi tristique senectus et netus et malesuada fames ac turpis egestas.<br><br></div><h1>Praesent interdum ligula ac&nbsp;</h1><div><br></div><blockquote>Enim convallis, commodo feugiat magna luctus. Sed eu lobortis nulla, in interdum ex. Aliquam pellentesque commodo mollis.&nbsp;</blockquote><div><br>Interdum et malesuada fames ac ante ipsum primis in faucibus. Suspendisse arcu nisi, eleifend vel diam et, fringilla sagittis massa. Pellentesque quis lobortis quam. Morbi sit amet mi vitae risus volutpat eleifend in nec lorem. Ut diam nunc, venenatis egestas porttitor eget, rhoncus nec metus. Nam ac venenatis magna. Vestibulum at lacus nec augue finibus tempus in in dolor. In hac habitasse platea dictumst. Nunc ultricies iaculis velit, eu vulputate urna tincidunt a. Suspendisse potenti.<br><br></div><ul><li>Sed ut varius mi. Praesent nisl erat</li><li>Sodales at sagittis ac, rutrum in neque&nbsp;</li><li>Curabitur eros sapien, condimentum&nbsp;</li><li>Varius consequat vel, faucibus quis dolor.&nbsp;</li></ul><div><br></div><h1>Duis sollicitudin, ligula a sodales ultricies</h1><div><br>Odio urna varius erat, at bibendum sapien metus molestie nibh. Vivamus pharetra imperdiet aliquam. Fusce quis lectus vulputate ipsum molestie elementum a eget odio. Donec mattis risus ut nunc sollicitudin, sed imperdiet ex ultrices. Orci varius natoque penatibus et magnis dis parturient montes, nascetur ridiculus mus. Donec ac tempus ligula.</div><div><br></div><h1>Nunc iaculis mattis metus ac viverra</h1><div><br></div><div>Quisque eleifend faucibus augue, a placerat mi venenatis id. Aenean non viverra tortor. Sed erat tellus, sodales mattis nunc nec, rutrum sollicitudin ligula. In molestie, ex vel pharetra feugiat, metus sapien ultrices odio, quis posuere tortor neque at risus. Maecenas tortor risus, feugiat nec nunc a, molestie euismod lacus. Fusce sagittis risus quis magna placerat, consectetur dapibus ipsum gravida. Nam porttitor faucibus facilisis. Ut id est maximus, pretium metus sit amet, porttitor sapien. Aenean auctor dolor augue, ut vestibulum felis laoreet eu. Fusce ex lectus, scelerisque ut elementum id, auctor ut magna. Fusce ultrices, sem non sodales placerat, ipsum dui consectetur augue, non ultricies nulla libero consectetur velit.<br><br>Praesent dignissim lacinia lectus vel feugiat. Nam euismod nunc at quam volutpat, et molestie enim fringilla. Duis posuere urna vel metus ultricies convallis. <strong>Mauris blandit enim in odio dictum, a tempus lorem luctus.</strong></div>'),
(3,1,'Routes',3,'https://www.youtube.com/embed/f7CamwgRAGI','<h1><strong>Lorem ipsum dolor sit amet</strong></h1><div><br></div><div>Consectetur adipiscing elit. Nam non nibh massa. Fusce porta cursus velit, sed vehicula mi ultrices sit amet. Proin in laoreet <em>eros</em>. Pellentesque bibendum felis mi, et tristique ante dignissim a. Donec metus lorem, gravida eu dignissim sed, malesuada ac velit. Quisque ultricies rhoncus diam, vel sollicitudin mi euismod non. Fusce viverra tortor eu justo tincidunt, eget mollis nunc viverra. <strong>Nullam ac sodales leo</strong>. Donec dapibus vehicula tincidunt. Proin nec nisi accumsan, feugiat ex id, faucibus diam. Nunc ac libero quis est pharetra dignissim. In hac habitasse platea dictumst. Vivamus pretium, enim sit amet ullamcorper porta, nibh odio interdum turpis, sit amet blandit urna sapien eget sem. Nulla aliquam nisl nec nunc cursus tristique. <em>Praesent</em> eu dolor eget dui volutpat interdum non in sapien.</div><div><br></div><h1><strong>Nulla mollis quam sed quam posuere</strong></h1><div><br></div><div>Nec imperdiet justo finibus. Aliquam nibh ipsum, ornare quis viverra quis, malesuada convallis lorem. Morbi mattis fringilla purus, et congue dolor pulvinar eu. Cras et lectus vitae nulla pharetra posuere. Aenean tincidunt ultricies orci eu elementum. Sed sem tellus, cursus in nisl a, laoreet congue dui. Pellentesque habitant morbi tristique senectus et netus et malesuada fames ac turpis egestas.</div><div><br></div><h1><strong>Praesent interdum ligula ac&nbsp;</strong></h1><div><br></div><div>Enim convallis, commodo feugiat magna luctus. Sed eu lobortis nulla, in interdum ex. Aliquam pellentesque commodo mollis.&nbsp;</div><div><br></div><div>Interdum et malesuada fames ac ante ipsum primis in faucibus. Suspendisse arcu nisi, eleifend vel diam et, fringilla sagittis massa. Pellentesque quis lobortis quam. Morbi sit amet mi vitae risus volutpat eleifend in nec lorem. Ut diam nunc, venenatis egestas porttitor eget, rhoncus nec metus. Nam ac venenatis magna. Vestibulum at lacus nec augue finibus tempus in in dolor. In hac habitasse platea dictumst. Nunc ultricies iaculis velit, eu vulputate urna tincidunt a. Suspendisse potenti.</div><div><br></div><ul><li>Sed ut varius mi. Praesent nisl erat</li><li>Sodales at sagittis ac, rutrum in neque&nbsp;</li><li>Curabitur eros sapien, condimentum&nbsp;</li><li>Varius consequat vel, faucibus quis dolor.&nbsp;</li></ul><div><br></div><h1><strong>Duis sollicitudin, ligula a sodales ultricies</strong></h1><div><br></div><div>Odio urna varius erat, at bibendum sapien metus molestie nibh. Vivamus pharetra imperdiet aliquam. Fusce quis lectus vulputate ipsum molestie elementum a eget odio. Donec mattis risus ut nunc sollicitudin, sed imperdiet ex ultrices. Orci varius natoque penatibus et magnis dis parturient montes, nascetur ridiculus mus. Donec ac tempus ligula.</div><div><br></div><h1><strong>Nunc iaculis mattis metus ac viverra</strong></h1><div><br></div><div>Quisque eleifend faucibus augue, a placerat mi venenatis id. Aenean non viverra tortor. Sed erat tellus, sodales mattis nunc nec, rutrum sollicitudin ligula. In molestie, ex vel pharetra feugiat, metus sapien ultrices odio, quis posuere tortor neque at risus. Maecenas tortor risus, feugiat nec nunc a, molestie euismod lacus. Fusce sagittis risus quis magna placerat, consectetur dapibus ipsum gravida. Nam porttitor faucibus facilisis. Ut id est maximus, pretium metus sit amet, porttitor sapien. Aenean auctor dolor augue, ut vestibulum felis laoreet eu. Fusce ex lectus, scelerisque ut elementum id, auctor ut magna. Fusce ultrices, sem non sodales placerat, ipsum dui consectetur augue, non ultricies nulla libero consectetur velit.</div><div><br></div><div>Praesent dignissim lacinia lectus vel feugiat. Nam euismod nunc at quam volutpat, et molestie enim fringilla. Duis posuere urna vel metus ultricies convallis. <strong>Mauris blandit enim in odio dictum, a tempus lorem luctus.</strong></div><div><br></div>'),
(4,1,'Controllers',4,'https://www.youtube.com/embed/f7CamwgRAGI','<h1><strong>Lorem ipsum dolor sit amet</strong></h1><div><br></div><div>Consectetur adipiscing elit. Nam non nibh massa. Fusce porta cursus velit, sed vehicula mi ultrices sit amet. Proin in laoreet <em>eros</em>. Pellentesque bibendum felis mi, et tristique ante dignissim a. Donec metus lorem, gravida eu dignissim sed, malesuada ac velit. Quisque ultricies rhoncus diam, vel sollicitudin mi euismod non. Fusce viverra tortor eu justo tincidunt, eget mollis nunc viverra. <strong>Nullam ac sodales leo</strong>. Donec dapibus vehicula tincidunt. Proin nec nisi accumsan, feugiat ex id, faucibus diam. Nunc ac libero quis est pharetra dignissim. In hac habitasse platea dictumst. Vivamus pretium, enim sit amet ullamcorper porta, nibh odio interdum turpis, sit amet blandit urna sapien eget sem. Nulla aliquam nisl nec nunc cursus tristique. <em>Praesent</em> eu dolor eget dui volutpat interdum non in sapien.</div><div><br></div><h1><strong>Nulla mollis quam sed quam posuere</strong></h1><div><br></div><div>Nec imperdiet justo finibus. Aliquam nibh ipsum, ornare quis viverra quis, malesuada convallis lorem. Morbi mattis fringilla purus, et congue dolor pulvinar eu. Cras et lectus vitae nulla pharetra posuere. Aenean tincidunt ultricies orci eu elementum. Sed sem tellus, cursus in nisl a, laoreet congue dui. Pellentesque habitant morbi tristique senectus et netus et malesuada fames ac turpis egestas.</div><div><br></div><h1><strong>Praesent interdum ligula ac&nbsp;</strong></h1><div><br></div><div>Enim convallis, commodo feugiat magna luctus. Sed eu lobortis nulla, in interdum ex. Aliquam pellentesque commodo mollis.&nbsp;</div><div><br></div><div>Interdum et malesuada fames ac ante ipsum primis in faucibus. Suspendisse arcu nisi, eleifend vel diam et, fringilla sagittis massa. Pellentesque quis lobortis quam. Morbi sit amet mi vitae risus volutpat eleifend in nec lorem. Ut diam nunc, venenatis egestas porttitor eget, rhoncus nec metus. Nam ac venenatis magna. Vestibulum at lacus nec augue finibus tempus in in dolor. In hac habitasse platea dictumst. Nunc ultricies iaculis velit, eu vulputate urna tincidunt a. Suspendisse potenti.</div><div><br></div><ul><li>Sed ut varius mi. Praesent nisl erat</li><li>Sodales at sagittis ac, rutrum in neque&nbsp;</li><li>Curabitur eros sapien, condimentum&nbsp;</li><li>Varius consequat vel, faucibus quis dolor.&nbsp;</li></ul><div><br></div><h1><strong>Duis sollicitudin, ligula a sodales ultricies</strong></h1><div><br></div><div>Odio urna varius erat, at bibendum sapien metus molestie nibh. Vivamus pharetra imperdiet aliquam. Fusce quis lectus vulputate ipsum molestie elementum a eget odio. Donec mattis risus ut nunc sollicitudin, sed imperdiet ex ultrices. Orci varius natoque penatibus et magnis dis parturient montes, nascetur ridiculus mus. Donec ac tempus ligula.</div><div><br></div><h1><strong>Nunc iaculis mattis metus ac viverra</strong></h1><div><br></div><div>Quisque eleifend faucibus augue, a placerat mi venenatis id. Aenean non viverra tortor. Sed erat tellus, sodales mattis nunc nec, rutrum sollicitudin ligula. In molestie, ex vel pharetra feugiat, metus sapien ultrices odio, quis posuere tortor neque at risus. Maecenas tortor risus, feugiat nec nunc a, molestie euismod lacus. Fusce sagittis risus quis magna placerat, consectetur dapibus ipsum gravida. Nam porttitor faucibus facilisis. Ut id est maximus, pretium metus sit amet, porttitor sapien. Aenean auctor dolor augue, ut vestibulum felis laoreet eu. Fusce ex lectus, scelerisque ut elementum id, auctor ut magna. Fusce ultrices, sem non sodales placerat, ipsum dui consectetur augue, non ultricies nulla libero consectetur velit.</div><div><br></div><div>Praesent dignissim lacinia lectus vel feugiat. Nam euismod nunc at quam volutpat, et molestie enim fringilla. Duis posuere urna vel metus ultricies convallis. <strong>Mauris blandit enim in odio dictum, a tempus lorem luctus.</strong></div><div><br></div>'),
(5,1,'Templates Twig',5,'https://www.youtube.com/embed/f7CamwgRAGI','<h1><strong>Lorem ipsum dolor sit amet</strong></h1><div><br></div><div>Consectetur adipiscing elit. Nam non nibh massa. Fusce porta cursus velit, sed vehicula mi ultrices sit amet. Proin in laoreet <em>eros</em>. Pellentesque bibendum felis mi, et tristique ante dignissim a. Donec metus lorem, gravida eu dignissim sed, malesuada ac velit. Quisque ultricies rhoncus diam, vel sollicitudin mi euismod non. Fusce viverra tortor eu justo tincidunt, eget mollis nunc viverra. <strong>Nullam ac sodales leo</strong>. Donec dapibus vehicula tincidunt. Proin nec nisi accumsan, feugiat ex id, faucibus diam. Nunc ac libero quis est pharetra dignissim. In hac habitasse platea dictumst. Vivamus pretium, enim sit amet ullamcorper porta, nibh odio interdum turpis, sit amet blandit urna sapien eget sem. Nulla aliquam nisl nec nunc cursus tristique. <em>Praesent</em> eu dolor eget dui volutpat interdum non in sapien.</div><div><br></div><h1><strong>Nulla mollis quam sed quam posuere</strong></h1><div><br></div><div>Nec imperdiet justo finibus. Aliquam nibh ipsum, ornare quis viverra quis, malesuada convallis lorem. Morbi mattis fringilla purus, et congue dolor pulvinar eu. Cras et lectus vitae nulla pharetra posuere. Aenean tincidunt ultricies orci eu elementum. Sed sem tellus, cursus in nisl a, laoreet congue dui. Pellentesque habitant morbi tristique senectus et netus et malesuada fames ac turpis egestas.</div><div><br></div><h1><strong>Praesent interdum ligula ac&nbsp;</strong></h1><div><br></div><div>Enim convallis, commodo feugiat magna luctus. Sed eu lobortis nulla, in interdum ex. Aliquam pellentesque commodo mollis.&nbsp;</div><div><br></div><div>Interdum et malesuada fames ac ante ipsum primis in faucibus. Suspendisse arcu nisi, eleifend vel diam et, fringilla sagittis massa. Pellentesque quis lobortis quam. Morbi sit amet mi vitae risus volutpat eleifend in nec lorem. Ut diam nunc, venenatis egestas porttitor eget, rhoncus nec metus. Nam ac venenatis magna. Vestibulum at lacus nec augue finibus tempus in in dolor. In hac habitasse platea dictumst. Nunc ultricies iaculis velit, eu vulputate urna tincidunt a. Suspendisse potenti.</div><div><br></div><ul><li>Sed ut varius mi. Praesent nisl erat</li><li>Sodales at sagittis ac, rutrum in neque&nbsp;</li><li>Curabitur eros sapien, condimentum&nbsp;</li><li>Varius consequat vel, faucibus quis dolor.&nbsp;</li></ul><div><br></div><h1><strong>Duis sollicitudin, ligula a sodales ultricies</strong></h1><div><br></div><div>Odio urna varius erat, at bibendum sapien metus molestie nibh. Vivamus pharetra imperdiet aliquam. Fusce quis lectus vulputate ipsum molestie elementum a eget odio. Donec mattis risus ut nunc sollicitudin, sed imperdiet ex ultrices. Orci varius natoque penatibus et magnis dis parturient montes, nascetur ridiculus mus. Donec ac tempus ligula.</div><div><br></div><h1><strong>Nunc iaculis mattis metus ac viverra</strong></h1><div><br></div><div>Quisque eleifend faucibus augue, a placerat mi venenatis id. Aenean non viverra tortor. Sed erat tellus, sodales mattis nunc nec, rutrum sollicitudin ligula. In molestie, ex vel pharetra feugiat, metus sapien ultrices odio, quis posuere tortor neque at risus. Maecenas tortor risus, feugiat nec nunc a, molestie euismod lacus. Fusce sagittis risus quis magna placerat, consectetur dapibus ipsum gravida. Nam porttitor faucibus facilisis. Ut id est maximus, pretium metus sit amet, porttitor sapien. Aenean auctor dolor augue, ut vestibulum felis laoreet eu. Fusce ex lectus, scelerisque ut elementum id, auctor ut magna. Fusce ultrices, sem non sodales placerat, ipsum dui consectetur augue, non ultricies nulla libero consectetur velit.</div><div><br></div><div>Praesent dignissim lacinia lectus vel feugiat. Nam euismod nunc at quam volutpat, et molestie enim fringilla. Duis posuere urna vel metus ultricies convallis. <strong>Mauris blandit enim in odio dictum, a tempus lorem luctus.</strong></div><div><br></div>'),
(6,2,'Doctrines et base de données',1,'https://www.youtube.com/embed/f7CamwgRAGI','<h1><strong>Lorem ipsum dolor sit amet</strong></h1><div><br></div><div>Consectetur adipiscing elit. Nam non nibh massa. Fusce porta cursus velit, sed vehicula mi ultrices sit amet. Proin in laoreet <em>eros</em>. Pellentesque bibendum felis mi, et tristique ante dignissim a. Donec metus lorem, gravida eu dignissim sed, malesuada ac velit. Quisque ultricies rhoncus diam, vel sollicitudin mi euismod non. Fusce viverra tortor eu justo tincidunt, eget mollis nunc viverra. <strong>Nullam ac sodales leo</strong>. Donec dapibus vehicula tincidunt. Proin nec nisi accumsan, feugiat ex id, faucibus diam. Nunc ac libero quis est pharetra dignissim. In hac habitasse platea dictumst. Vivamus pretium, enim sit amet ullamcorper porta, nibh odio interdum turpis, sit amet blandit urna sapien eget sem. Nulla aliquam nisl nec nunc cursus tristique. <em>Praesent</em> eu dolor eget dui volutpat interdum non in sapien.</div><div><br></div><h1><strong>Nulla mollis quam sed quam posuere</strong></h1><div><br></div><div>Nec imperdiet justo finibus. Aliquam nibh ipsum, ornare quis viverra quis, malesuada convallis lorem. Morbi mattis fringilla purus, et congue dolor pulvinar eu. Cras et lectus vitae nulla pharetra posuere. Aenean tincidunt ultricies orci eu elementum. Sed sem tellus, cursus in nisl a, laoreet congue dui. Pellentesque habitant morbi tristique senectus et netus et malesuada fames ac turpis egestas.</div><div><br></div><h1><strong>Praesent interdum ligula ac&nbsp;</strong></h1><div><br></div><div>Enim convallis, commodo feugiat magna luctus. Sed eu lobortis nulla, in interdum ex. Aliquam pellentesque commodo mollis.&nbsp;</div><div><br></div><div>Interdum et malesuada fames ac ante ipsum primis in faucibus. Suspendisse arcu nisi, eleifend vel diam et, fringilla sagittis massa. Pellentesque quis lobortis quam. Morbi sit amet mi vitae risus volutpat eleifend in nec lorem. Ut diam nunc, venenatis egestas porttitor eget, rhoncus nec metus. Nam ac venenatis magna. Vestibulum at lacus nec augue finibus tempus in in dolor. In hac habitasse platea dictumst. Nunc ultricies iaculis velit, eu vulputate urna tincidunt a. Suspendisse potenti.</div><div><br></div><ul><li>Sed ut varius mi. Praesent nisl erat</li><li>Sodales at sagittis ac, rutrum in neque&nbsp;</li><li>Curabitur eros sapien, condimentum&nbsp;</li><li>Varius consequat vel, faucibus quis dolor.&nbsp;</li></ul><div><br></div><h1><strong>Duis sollicitudin, ligula a sodales ultricies</strong></h1><div><br></div><div>Odio urna varius erat, at bibendum sapien metus molestie nibh. Vivamus pharetra imperdiet aliquam. Fusce quis lectus vulputate ipsum molestie elementum a eget odio. Donec mattis risus ut nunc sollicitudin, sed imperdiet ex ultrices. Orci varius natoque penatibus et magnis dis parturient montes, nascetur ridiculus mus. Donec ac tempus ligula.</div><div><br></div><h1><strong>Nunc iaculis mattis metus ac viverra</strong></h1><div><br></div><div>Quisque eleifend faucibus augue, a placerat mi venenatis id. Aenean non viverra tortor. Sed erat tellus, sodales mattis nunc nec, rutrum sollicitudin ligula. In molestie, ex vel pharetra feugiat, metus sapien ultrices odio, quis posuere tortor neque at risus. Maecenas tortor risus, feugiat nec nunc a, molestie euismod lacus. Fusce sagittis risus quis magna placerat, consectetur dapibus ipsum gravida. Nam porttitor faucibus facilisis. Ut id est maximus, pretium metus sit amet, porttitor sapien. Aenean auctor dolor augue, ut vestibulum felis laoreet eu. Fusce ex lectus, scelerisque ut elementum id, auctor ut magna. Fusce ultrices, sem non sodales placerat, ipsum dui consectetur augue, non ultricies nulla libero consectetur velit.</div><div><br></div><div>Praesent dignissim lacinia lectus vel feugiat. Nam euismod nunc at quam volutpat, et molestie enim fringilla. Duis posuere urna vel metus ultricies convallis. <strong>Mauris blandit enim in odio dictum, a tempus lorem luctus.</strong></div><div><br></div>'),
(7,2,'Formulaires',2,'https://www.youtube.com/embed/f7CamwgRAGI','<h1><strong>Lorem ipsum dolor sit amet</strong></h1><div><br></div><div>Consectetur adipiscing elit. Nam non nibh massa. Fusce porta cursus velit, sed vehicula mi ultrices sit amet. Proin in laoreet <em>eros</em>. Pellentesque bibendum felis mi, et tristique ante dignissim a. Donec metus lorem, gravida eu dignissim sed, malesuada ac velit. Quisque ultricies rhoncus diam, vel sollicitudin mi euismod non. Fusce viverra tortor eu justo tincidunt, eget mollis nunc viverra. <strong>Nullam ac sodales leo</strong>. Donec dapibus vehicula tincidunt. Proin nec nisi accumsan, feugiat ex id, faucibus diam. Nunc ac libero quis est pharetra dignissim. In hac habitasse platea dictumst. Vivamus pretium, enim sit amet ullamcorper porta, nibh odio interdum turpis, sit amet blandit urna sapien eget sem. Nulla aliquam nisl nec nunc cursus tristique. <em>Praesent</em> eu dolor eget dui volutpat interdum non in sapien.</div><div><br></div><h1><strong>Nulla mollis quam sed quam posuere</strong></h1><div><br></div><div>Nec imperdiet justo finibus. Aliquam nibh ipsum, ornare quis viverra quis, malesuada convallis lorem. Morbi mattis fringilla purus, et congue dolor pulvinar eu. Cras et lectus vitae nulla pharetra posuere. Aenean tincidunt ultricies orci eu elementum. Sed sem tellus, cursus in nisl a, laoreet congue dui. Pellentesque habitant morbi tristique senectus et netus et malesuada fames ac turpis egestas.</div><div><br></div><h1><strong>Praesent interdum ligula ac&nbsp;</strong></h1><div><br></div><div>Enim convallis, commodo feugiat magna luctus. Sed eu lobortis nulla, in interdum ex. Aliquam pellentesque commodo mollis.&nbsp;</div><div><br></div><div>Interdum et malesuada fames ac ante ipsum primis in faucibus. Suspendisse arcu nisi, eleifend vel diam et, fringilla sagittis massa. Pellentesque quis lobortis quam. Morbi sit amet mi vitae risus volutpat eleifend in nec lorem. Ut diam nunc, venenatis egestas porttitor eget, rhoncus nec metus. Nam ac venenatis magna. Vestibulum at lacus nec augue finibus tempus in in dolor. In hac habitasse platea dictumst. Nunc ultricies iaculis velit, eu vulputate urna tincidunt a. Suspendisse potenti.</div><div><br></div><ul><li>Sed ut varius mi. Praesent nisl erat</li><li>Sodales at sagittis ac, rutrum in neque&nbsp;</li><li>Curabitur eros sapien, condimentum&nbsp;</li><li>Varius consequat vel, faucibus quis dolor.&nbsp;</li></ul><div><br></div><h1><strong>Duis sollicitudin, ligula a sodales ultricies</strong></h1><div><br></div><div>Odio urna varius erat, at bibendum sapien metus molestie nibh. Vivamus pharetra imperdiet aliquam. Fusce quis lectus vulputate ipsum molestie elementum a eget odio. Donec mattis risus ut nunc sollicitudin, sed imperdiet ex ultrices. Orci varius natoque penatibus et magnis dis parturient montes, nascetur ridiculus mus. Donec ac tempus ligula.</div><div><br></div><h1><strong>Nunc iaculis mattis metus ac viverra</strong></h1><div><br></div><div>Quisque eleifend faucibus augue, a placerat mi venenatis id. Aenean non viverra tortor. Sed erat tellus, sodales mattis nunc nec, rutrum sollicitudin ligula. In molestie, ex vel pharetra feugiat, metus sapien ultrices odio, quis posuere tortor neque at risus. Maecenas tortor risus, feugiat nec nunc a, molestie euismod lacus. Fusce sagittis risus quis magna placerat, consectetur dapibus ipsum gravida. Nam porttitor faucibus facilisis. Ut id est maximus, pretium metus sit amet, porttitor sapien. Aenean auctor dolor augue, ut vestibulum felis laoreet eu. Fusce ex lectus, scelerisque ut elementum id, auctor ut magna. Fusce ultrices, sem non sodales placerat, ipsum dui consectetur augue, non ultricies nulla libero consectetur velit.</div><div><br></div><div>Praesent dignissim lacinia lectus vel feugiat. Nam euismod nunc at quam volutpat, et molestie enim fringilla. Duis posuere urna vel metus ultricies convallis. <strong>Mauris blandit enim in odio dictum, a tempus lorem luctus.</strong></div><div><br></div>'),
(8,2,'Debug et web profiler',3,'https://www.youtube.com/embed/f7CamwgRAGI','<h1><strong>Lorem ipsum dolor sit amet</strong></h1><div><br></div><div>Consectetur adipiscing elit. Nam non nibh massa. Fusce porta cursus velit, sed vehicula mi ultrices sit amet. Proin in laoreet <em>eros</em>. Pellentesque bibendum felis mi, et tristique ante dignissim a. Donec metus lorem, gravida eu dignissim sed, malesuada ac velit. Quisque ultricies rhoncus diam, vel sollicitudin mi euismod non. Fusce viverra tortor eu justo tincidunt, eget mollis nunc viverra. <strong>Nullam ac sodales leo</strong>. Donec dapibus vehicula tincidunt. Proin nec nisi accumsan, feugiat ex id, faucibus diam. Nunc ac libero quis est pharetra dignissim. In hac habitasse platea dictumst. Vivamus pretium, enim sit amet ullamcorper porta, nibh odio interdum turpis, sit amet blandit urna sapien eget sem. Nulla aliquam nisl nec nunc cursus tristique. <em>Praesent</em> eu dolor eget dui volutpat interdum non in sapien.</div><div><br></div><h1><strong>Nulla mollis quam sed quam posuere</strong></h1><div><br></div><div>Nec imperdiet justo finibus. Aliquam nibh ipsum, ornare quis viverra quis, malesuada convallis lorem. Morbi mattis fringilla purus, et congue dolor pulvinar eu. Cras et lectus vitae nulla pharetra posuere. Aenean tincidunt ultricies orci eu elementum. Sed sem tellus, cursus in nisl a, laoreet congue dui. Pellentesque habitant morbi tristique senectus et netus et malesuada fames ac turpis egestas.</div><div><br></div><h1><strong>Praesent interdum ligula ac&nbsp;</strong></h1><div><br></div><div>Enim convallis, commodo feugiat magna luctus. Sed eu lobortis nulla, in interdum ex. Aliquam pellentesque commodo mollis.&nbsp;</div><div><br></div><div>Interdum et malesuada fames ac ante ipsum primis in faucibus. Suspendisse arcu nisi, eleifend vel diam et, fringilla sagittis massa. Pellentesque quis lobortis quam. Morbi sit amet mi vitae risus volutpat eleifend in nec lorem. Ut diam nunc, venenatis egestas porttitor eget, rhoncus nec metus. Nam ac venenatis magna. Vestibulum at lacus nec augue finibus tempus in in dolor. In hac habitasse platea dictumst. Nunc ultricies iaculis velit, eu vulputate urna tincidunt a. Suspendisse potenti.</div><div><br></div><ul><li>Sed ut varius mi. Praesent nisl erat</li><li>Sodales at sagittis ac, rutrum in neque&nbsp;</li><li>Curabitur eros sapien, condimentum&nbsp;</li><li>Varius consequat vel, faucibus quis dolor.&nbsp;</li></ul><div><br></div><h1><strong>Duis sollicitudin, ligula a sodales ultricies</strong></h1><div><br></div><div>Odio urna varius erat, at bibendum sapien metus molestie nibh. Vivamus pharetra imperdiet aliquam. Fusce quis lectus vulputate ipsum molestie elementum a eget odio. Donec mattis risus ut nunc sollicitudin, sed imperdiet ex ultrices. Orci varius natoque penatibus et magnis dis parturient montes, nascetur ridiculus mus. Donec ac tempus ligula.</div><div><br></div><h1><strong>Nunc iaculis mattis metus ac viverra</strong></h1><div><br></div><div>Quisque eleifend faucibus augue, a placerat mi venenatis id. Aenean non viverra tortor. Sed erat tellus, sodales mattis nunc nec, rutrum sollicitudin ligula. In molestie, ex vel pharetra feugiat, metus sapien ultrices odio, quis posuere tortor neque at risus. Maecenas tortor risus, feugiat nec nunc a, molestie euismod lacus. Fusce sagittis risus quis magna placerat, consectetur dapibus ipsum gravida. Nam porttitor faucibus facilisis. Ut id est maximus, pretium metus sit amet, porttitor sapien. Aenean auctor dolor augue, ut vestibulum felis laoreet eu. Fusce ex lectus, scelerisque ut elementum id, auctor ut magna. Fusce ultrices, sem non sodales placerat, ipsum dui consectetur augue, non ultricies nulla libero consectetur velit.</div><div><br></div><div>Praesent dignissim lacinia lectus vel feugiat. Nam euismod nunc at quam volutpat, et molestie enim fringilla. Duis posuere urna vel metus ultricies convallis. <strong>Mauris blandit enim in odio dictum, a tempus lorem luctus.</strong></div><div><br></div>'),
(9,3,'Utilisateurs',1,'https://www.youtube.com/embed/f7CamwgRAGI','<h1><strong>Lorem ipsum dolor sit amet</strong></h1><div><br></div><div>Consectetur adipiscing elit. Nam non nibh massa. Fusce porta cursus velit, sed vehicula mi ultrices sit amet. Proin in laoreet <em>eros</em>. Pellentesque bibendum felis mi, et tristique ante dignissim a. Donec metus lorem, gravida eu dignissim sed, malesuada ac velit. Quisque ultricies rhoncus diam, vel sollicitudin mi euismod non. Fusce viverra tortor eu justo tincidunt, eget mollis nunc viverra. <strong>Nullam ac sodales leo</strong>. Donec dapibus vehicula tincidunt. Proin nec nisi accumsan, feugiat ex id, faucibus diam. Nunc ac libero quis est pharetra dignissim. In hac habitasse platea dictumst. Vivamus pretium, enim sit amet ullamcorper porta, nibh odio interdum turpis, sit amet blandit urna sapien eget sem. Nulla aliquam nisl nec nunc cursus tristique. <em>Praesent</em> eu dolor eget dui volutpat interdum non in sapien.</div><div><br></div><h1><strong>Nulla mollis quam sed quam posuere</strong></h1><div><br></div><div>Nec imperdiet justo finibus. Aliquam nibh ipsum, ornare quis viverra quis, malesuada convallis lorem. Morbi mattis fringilla purus, et congue dolor pulvinar eu. Cras et lectus vitae nulla pharetra posuere. Aenean tincidunt ultricies orci eu elementum. Sed sem tellus, cursus in nisl a, laoreet congue dui. Pellentesque habitant morbi tristique senectus et netus et malesuada fames ac turpis egestas.</div><div><br></div><h1><strong>Praesent interdum ligula ac&nbsp;</strong></h1><div><br></div><div>Enim convallis, commodo feugiat magna luctus. Sed eu lobortis nulla, in interdum ex. Aliquam pellentesque commodo mollis.&nbsp;</div><div><br></div><div>Interdum et malesuada fames ac ante ipsum primis in faucibus. Suspendisse arcu nisi, eleifend vel diam et, fringilla sagittis massa. Pellentesque quis lobortis quam. Morbi sit amet mi vitae risus volutpat eleifend in nec lorem. Ut diam nunc, venenatis egestas porttitor eget, rhoncus nec metus. Nam ac venenatis magna. Vestibulum at lacus nec augue finibus tempus in in dolor. In hac habitasse platea dictumst. Nunc ultricies iaculis velit, eu vulputate urna tincidunt a. Suspendisse potenti.</div><div><br></div><ul><li>Sed ut varius mi. Praesent nisl erat</li><li>Sodales at sagittis ac, rutrum in neque&nbsp;</li><li>Curabitur eros sapien, condimentum&nbsp;</li><li>Varius consequat vel, faucibus quis dolor.&nbsp;</li></ul><div><br></div><h1><strong>Duis sollicitudin, ligula a sodales ultricies</strong></h1><div><br></div><div>Odio urna varius erat, at bibendum sapien metus molestie nibh. Vivamus pharetra imperdiet aliquam. Fusce quis lectus vulputate ipsum molestie elementum a eget odio. Donec mattis risus ut nunc sollicitudin, sed imperdiet ex ultrices. Orci varius natoque penatibus et magnis dis parturient montes, nascetur ridiculus mus. Donec ac tempus ligula.</div><div><br></div><h1><strong>Nunc iaculis mattis metus ac viverra</strong></h1><div><br></div><div>Quisque eleifend faucibus augue, a placerat mi venenatis id. Aenean non viverra tortor. Sed erat tellus, sodales mattis nunc nec, rutrum sollicitudin ligula. In molestie, ex vel pharetra feugiat, metus sapien ultrices odio, quis posuere tortor neque at risus. Maecenas tortor risus, feugiat nec nunc a, molestie euismod lacus. Fusce sagittis risus quis magna placerat, consectetur dapibus ipsum gravida. Nam porttitor faucibus facilisis. Ut id est maximus, pretium metus sit amet, porttitor sapien. Aenean auctor dolor augue, ut vestibulum felis laoreet eu. Fusce ex lectus, scelerisque ut elementum id, auctor ut magna. Fusce ultrices, sem non sodales placerat, ipsum dui consectetur augue, non ultricies nulla libero consectetur velit.</div><div><br></div><div>Praesent dignissim lacinia lectus vel feugiat. Nam euismod nunc at quam volutpat, et molestie enim fringilla. Duis posuere urna vel metus ultricies convallis. <strong>Mauris blandit enim in odio dictum, a tempus lorem luctus.</strong></div><div><br></div>'),
(10,3,'Authentification',2,'https://www.youtube.com/embed/f7CamwgRAGI','<h1><strong>Lorem ipsum dolor sit amet</strong></h1><div><br></div><div>Consectetur adipiscing elit. Nam non nibh massa. Fusce porta cursus velit, sed vehicula mi ultrices sit amet. Proin in laoreet <em>eros</em>. Pellentesque bibendum felis mi, et tristique ante dignissim a. Donec metus lorem, gravida eu dignissim sed, malesuada ac velit. Quisque ultricies rhoncus diam, vel sollicitudin mi euismod non. Fusce viverra tortor eu justo tincidunt, eget mollis nunc viverra. <strong>Nullam ac sodales leo</strong>. Donec dapibus vehicula tincidunt. Proin nec nisi accumsan, feugiat ex id, faucibus diam. Nunc ac libero quis est pharetra dignissim. In hac habitasse platea dictumst. Vivamus pretium, enim sit amet ullamcorper porta, nibh odio interdum turpis, sit amet blandit urna sapien eget sem. Nulla aliquam nisl nec nunc cursus tristique. <em>Praesent</em> eu dolor eget dui volutpat interdum non in sapien.</div><div><br></div><h1><strong>Nulla mollis quam sed quam posuere</strong></h1><div><br></div><div>Nec imperdiet justo finibus. Aliquam nibh ipsum, ornare quis viverra quis, malesuada convallis lorem. Morbi mattis fringilla purus, et congue dolor pulvinar eu. Cras et lectus vitae nulla pharetra posuere. Aenean tincidunt ultricies orci eu elementum. Sed sem tellus, cursus in nisl a, laoreet congue dui. Pellentesque habitant morbi tristique senectus et netus et malesuada fames ac turpis egestas.</div><div><br></div><h1><strong>Praesent interdum ligula ac&nbsp;</strong></h1><div><br></div><div>Enim convallis, commodo feugiat magna luctus. Sed eu lobortis nulla, in interdum ex. Aliquam pellentesque commodo mollis.&nbsp;</div><div><br></div><div>Interdum et malesuada fames ac ante ipsum primis in faucibus. Suspendisse arcu nisi, eleifend vel diam et, fringilla sagittis massa. Pellentesque quis lobortis quam. Morbi sit amet mi vitae risus volutpat eleifend in nec lorem. Ut diam nunc, venenatis egestas porttitor eget, rhoncus nec metus. Nam ac venenatis magna. Vestibulum at lacus nec augue finibus tempus in in dolor. In hac habitasse platea dictumst. Nunc ultricies iaculis velit, eu vulputate urna tincidunt a. Suspendisse potenti.</div><div><br></div><ul><li>Sed ut varius mi. Praesent nisl erat</li><li>Sodales at sagittis ac, rutrum in neque&nbsp;</li><li>Curabitur eros sapien, condimentum&nbsp;</li><li>Varius consequat vel, faucibus quis dolor.&nbsp;</li></ul><div><br></div><h1><strong>Duis sollicitudin, ligula a sodales ultricies</strong></h1><div><br></div><div>Odio urna varius erat, at bibendum sapien metus molestie nibh. Vivamus pharetra imperdiet aliquam. Fusce quis lectus vulputate ipsum molestie elementum a eget odio. Donec mattis risus ut nunc sollicitudin, sed imperdiet ex ultrices. Orci varius natoque penatibus et magnis dis parturient montes, nascetur ridiculus mus. Donec ac tempus ligula.</div><div><br></div><h1><strong>Nunc iaculis mattis metus ac viverra</strong></h1><div><br></div><div>Quisque eleifend faucibus augue, a placerat mi venenatis id. Aenean non viverra tortor. Sed erat tellus, sodales mattis nunc nec, rutrum sollicitudin ligula. In molestie, ex vel pharetra feugiat, metus sapien ultrices odio, quis posuere tortor neque at risus. Maecenas tortor risus, feugiat nec nunc a, molestie euismod lacus. Fusce sagittis risus quis magna placerat, consectetur dapibus ipsum gravida. Nam porttitor faucibus facilisis. Ut id est maximus, pretium metus sit amet, porttitor sapien. Aenean auctor dolor augue, ut vestibulum felis laoreet eu. Fusce ex lectus, scelerisque ut elementum id, auctor ut magna. Fusce ultrices, sem non sodales placerat, ipsum dui consectetur augue, non ultricies nulla libero consectetur velit.</div><div><br></div><div>Praesent dignissim lacinia lectus vel feugiat. Nam euismod nunc at quam volutpat, et molestie enim fringilla. Duis posuere urna vel metus ultricies convallis. <strong>Mauris blandit enim in odio dictum, a tempus lorem luctus.</strong></div><div><br></div>'),
(11,3,'Autorisation',3,'https://www.youtube.com/embed/f7CamwgRAGI','<h1><strong>Lorem ipsum dolor sit amet</strong></h1><div><br></div><div>Consectetur adipiscing elit. Nam non nibh massa. Fusce porta cursus velit, sed vehicula mi ultrices sit amet. Proin in laoreet <em>eros</em>. Pellentesque bibendum felis mi, et tristique ante dignissim a. Donec metus lorem, gravida eu dignissim sed, malesuada ac velit. Quisque ultricies rhoncus diam, vel sollicitudin mi euismod non. Fusce viverra tortor eu justo tincidunt, eget mollis nunc viverra. <strong>Nullam ac sodales leo</strong>. Donec dapibus vehicula tincidunt. Proin nec nisi accumsan, feugiat ex id, faucibus diam. Nunc ac libero quis est pharetra dignissim. In hac habitasse platea dictumst. Vivamus pretium, enim sit amet ullamcorper porta, nibh odio interdum turpis, sit amet blandit urna sapien eget sem. Nulla aliquam nisl nec nunc cursus tristique. <em>Praesent</em> eu dolor eget dui volutpat interdum non in sapien.</div><div><br></div><h1><strong>Nulla mollis quam sed quam posuere</strong></h1><div><br></div><div>Nec imperdiet justo finibus. Aliquam nibh ipsum, ornare quis viverra quis, malesuada convallis lorem. Morbi mattis fringilla purus, et congue dolor pulvinar eu. Cras et lectus vitae nulla pharetra posuere. Aenean tincidunt ultricies orci eu elementum. Sed sem tellus, cursus in nisl a, laoreet congue dui. Pellentesque habitant morbi tristique senectus et netus et malesuada fames ac turpis egestas.</div><div><br></div><h1><strong>Praesent interdum ligula ac&nbsp;</strong></h1><div><br></div><div>Enim convallis, commodo feugiat magna luctus. Sed eu lobortis nulla, in interdum ex. Aliquam pellentesque commodo mollis.&nbsp;</div><div><br></div><div>Interdum et malesuada fames ac ante ipsum primis in faucibus. Suspendisse arcu nisi, eleifend vel diam et, fringilla sagittis massa. Pellentesque quis lobortis quam. Morbi sit amet mi vitae risus volutpat eleifend in nec lorem. Ut diam nunc, venenatis egestas porttitor eget, rhoncus nec metus. Nam ac venenatis magna. Vestibulum at lacus nec augue finibus tempus in in dolor. In hac habitasse platea dictumst. Nunc ultricies iaculis velit, eu vulputate urna tincidunt a. Suspendisse potenti.</div><div><br></div><ul><li>Sed ut varius mi. Praesent nisl erat</li><li>Sodales at sagittis ac, rutrum in neque&nbsp;</li><li>Curabitur eros sapien, condimentum&nbsp;</li><li>Varius consequat vel, faucibus quis dolor.&nbsp;</li></ul><div><br></div><h1><strong>Duis sollicitudin, ligula a sodales ultricies</strong></h1><div><br></div><div>Odio urna varius erat, at bibendum sapien metus molestie nibh. Vivamus pharetra imperdiet aliquam. Fusce quis lectus vulputate ipsum molestie elementum a eget odio. Donec mattis risus ut nunc sollicitudin, sed imperdiet ex ultrices. Orci varius natoque penatibus et magnis dis parturient montes, nascetur ridiculus mus. Donec ac tempus ligula.</div><div><br></div><h1><strong>Nunc iaculis mattis metus ac viverra</strong></h1><div><br></div><div>Quisque eleifend faucibus augue, a placerat mi venenatis id. Aenean non viverra tortor. Sed erat tellus, sodales mattis nunc nec, rutrum sollicitudin ligula. In molestie, ex vel pharetra feugiat, metus sapien ultrices odio, quis posuere tortor neque at risus. Maecenas tortor risus, feugiat nec nunc a, molestie euismod lacus. Fusce sagittis risus quis magna placerat, consectetur dapibus ipsum gravida. Nam porttitor faucibus facilisis. Ut id est maximus, pretium metus sit amet, porttitor sapien. Aenean auctor dolor augue, ut vestibulum felis laoreet eu. Fusce ex lectus, scelerisque ut elementum id, auctor ut magna. Fusce ultrices, sem non sodales placerat, ipsum dui consectetur augue, non ultricies nulla libero consectetur velit.</div><div><br></div><div>Praesent dignissim lacinia lectus vel feugiat. Nam euismod nunc at quam volutpat, et molestie enim fringilla. Duis posuere urna vel metus ultricies convallis. <strong>Mauris blandit enim in odio dictum, a tempus lorem luctus.</strong></div><div><br></div>'),
(12,4,'Introduction au HTML',1,'https://www.youtube.com/embed/_GTMOmRrqkU','<h1><strong>Lorem ipsum dolor sit amet</strong></h1><div><br></div><div>Consectetur adipiscing elit. Nam non nibh massa. Fusce porta cursus velit, sed vehicula mi ultrices sit amet. Proin in laoreet <em>eros</em>. Pellentesque bibendum felis mi, et tristique ante dignissim a. Donec metus lorem, gravida eu dignissim sed, malesuada ac velit. Quisque ultricies rhoncus diam, vel sollicitudin mi euismod non. Fusce viverra tortor eu justo tincidunt, eget mollis nunc viverra. <strong>Nullam ac sodales leo</strong>. Donec dapibus vehicula tincidunt. Proin nec nisi accumsan, feugiat ex id, faucibus diam. Nunc ac libero quis est pharetra dignissim. In hac habitasse platea dictumst. Vivamus pretium, enim sit amet ullamcorper porta, nibh odio interdum turpis, sit amet blandit urna sapien eget sem. Nulla aliquam nisl nec nunc cursus tristique. <em>Praesent</em> eu dolor eget dui volutpat interdum non in sapien.</div><div><br></div><h1><strong>Nulla mollis quam sed quam posuere</strong></h1><div><br></div><div>Nec imperdiet justo finibus. Aliquam nibh ipsum, ornare quis viverra quis, malesuada convallis lorem. Morbi mattis fringilla purus, et congue dolor pulvinar eu. Cras et lectus vitae nulla pharetra posuere. Aenean tincidunt ultricies orci eu elementum. Sed sem tellus, cursus in nisl a, laoreet congue dui. Pellentesque habitant morbi tristique senectus et netus et malesuada fames ac turpis egestas.</div><div><br></div><h1><strong>Praesent interdum ligula ac&nbsp;</strong></h1><div><br></div><div>Enim convallis, commodo feugiat magna luctus. Sed eu lobortis nulla, in interdum ex. Aliquam pellentesque commodo mollis.&nbsp;</div><div><br></div><div>Interdum et malesuada fames ac ante ipsum primis in faucibus. Suspendisse arcu nisi, eleifend vel diam et, fringilla sagittis massa. Pellentesque quis lobortis quam. Morbi sit amet mi vitae risus volutpat eleifend in nec lorem. Ut diam nunc, venenatis egestas porttitor eget, rhoncus nec metus. Nam ac venenatis magna. Vestibulum at lacus nec augue finibus tempus in in dolor. In hac habitasse platea dictumst. Nunc ultricies iaculis velit, eu vulputate urna tincidunt a. Suspendisse potenti.</div><div><br></div><ul><li>Sed ut varius mi. Praesent nisl erat</li><li>Sodales at sagittis ac, rutrum in neque&nbsp;</li><li>Curabitur eros sapien, condimentum&nbsp;</li><li>Varius consequat vel, faucibus quis dolor.&nbsp;</li></ul><div><br></div><h1><strong>Duis sollicitudin, ligula a sodales ultricies</strong></h1><div><br></div><div>Odio urna varius erat, at bibendum sapien metus molestie nibh. Vivamus pharetra imperdiet aliquam. Fusce quis lectus vulputate ipsum molestie elementum a eget odio. Donec mattis risus ut nunc sollicitudin, sed imperdiet ex ultrices. Orci varius natoque penatibus et magnis dis parturient montes, nascetur ridiculus mus. Donec ac tempus ligula.</div><div><br></div><h1><strong>Nunc iaculis mattis metus ac viverra</strong></h1><div><br></div><div>Quisque eleifend faucibus augue, a placerat mi venenatis id. Aenean non viverra tortor. Sed erat tellus, sodales mattis nunc nec, rutrum sollicitudin ligula. In molestie, ex vel pharetra feugiat, metus sapien ultrices odio, quis posuere tortor neque at risus. Maecenas tortor risus, feugiat nec nunc a, molestie euismod lacus. Fusce sagittis risus quis magna placerat, consectetur dapibus ipsum gravida. Nam porttitor faucibus facilisis. Ut id est maximus, pretium metus sit amet, porttitor sapien. Aenean auctor dolor augue, ut vestibulum felis laoreet eu. Fusce ex lectus, scelerisque ut elementum id, auctor ut magna. Fusce ultrices, sem non sodales placerat, ipsum dui consectetur augue, non ultricies nulla libero consectetur velit.</div><div><br></div><div>Praesent dignissim lacinia lectus vel feugiat. Nam euismod nunc at quam volutpat, et molestie enim fringilla. Duis posuere urna vel metus ultricies convallis. <strong>Mauris blandit enim in odio dictum, a tempus lorem luctus.</strong></div>'),
(13,4,'Multimedia',2,'https://www.youtube.com/embed/_GTMOmRrqkU','<h1><strong>Lorem ipsum dolor sit amet</strong></h1><div><br></div><div>Consectetur adipiscing elit. Nam non nibh massa. Fusce porta cursus velit, sed vehicula mi ultrices sit amet. Proin in laoreet <em>eros</em>. Pellentesque bibendum felis mi, et tristique ante dignissim a. Donec metus lorem, gravida eu dignissim sed, malesuada ac velit. Quisque ultricies rhoncus diam, vel sollicitudin mi euismod non. Fusce viverra tortor eu justo tincidunt, eget mollis nunc viverra. <strong>Nullam ac sodales leo</strong>. Donec dapibus vehicula tincidunt. Proin nec nisi accumsan, feugiat ex id, faucibus diam. Nunc ac libero quis est pharetra dignissim. In hac habitasse platea dictumst. Vivamus pretium, enim sit amet ullamcorper porta, nibh odio interdum turpis, sit amet blandit urna sapien eget sem. Nulla aliquam nisl nec nunc cursus tristique. <em>Praesent</em> eu dolor eget dui volutpat interdum non in sapien.</div><div><br></div><h1><strong>Nulla mollis quam sed quam posuere</strong></h1><div><br></div><div>Nec imperdiet justo finibus. Aliquam nibh ipsum, ornare quis viverra quis, malesuada convallis lorem. Morbi mattis fringilla purus, et congue dolor pulvinar eu. Cras et lectus vitae nulla pharetra posuere. Aenean tincidunt ultricies orci eu elementum. Sed sem tellus, cursus in nisl a, laoreet congue dui. Pellentesque habitant morbi tristique senectus et netus et malesuada fames ac turpis egestas.</div><div><br></div><h1><strong>Praesent interdum ligula ac&nbsp;</strong></h1><div><br></div><div>Enim convallis, commodo feugiat magna luctus. Sed eu lobortis nulla, in interdum ex. Aliquam pellentesque commodo mollis.&nbsp;</div><div><br></div><div>Interdum et malesuada fames ac ante ipsum primis in faucibus. Suspendisse arcu nisi, eleifend vel diam et, fringilla sagittis massa. Pellentesque quis lobortis quam. Morbi sit amet mi vitae risus volutpat eleifend in nec lorem. Ut diam nunc, venenatis egestas porttitor eget, rhoncus nec metus. Nam ac venenatis magna. Vestibulum at lacus nec augue finibus tempus in in dolor. In hac habitasse platea dictumst. Nunc ultricies iaculis velit, eu vulputate urna tincidunt a. Suspendisse potenti.</div><div><br></div><ul><li>Sed ut varius mi. Praesent nisl erat</li><li>Sodales at sagittis ac, rutrum in neque&nbsp;</li><li>Curabitur eros sapien, condimentum&nbsp;</li><li>Varius consequat vel, faucibus quis dolor.&nbsp;</li></ul><div><br></div><h1><strong>Duis sollicitudin, ligula a sodales ultricies</strong></h1><div><br></div><div>Odio urna varius erat, at bibendum sapien metus molestie nibh. Vivamus pharetra imperdiet aliquam. Fusce quis lectus vulputate ipsum molestie elementum a eget odio. Donec mattis risus ut nunc sollicitudin, sed imperdiet ex ultrices. Orci varius natoque penatibus et magnis dis parturient montes, nascetur ridiculus mus. Donec ac tempus ligula.</div><div><br></div><h1><strong>Nunc iaculis mattis metus ac viverra</strong></h1><div><br></div><div>Quisque eleifend faucibus augue, a placerat mi venenatis id. Aenean non viverra tortor. Sed erat tellus, sodales mattis nunc nec, rutrum sollicitudin ligula. In molestie, ex vel pharetra feugiat, metus sapien ultrices odio, quis posuere tortor neque at risus. Maecenas tortor risus, feugiat nec nunc a, molestie euismod lacus. Fusce sagittis risus quis magna placerat, consectetur dapibus ipsum gravida. Nam porttitor faucibus facilisis. Ut id est maximus, pretium metus sit amet, porttitor sapien. Aenean auctor dolor augue, ut vestibulum felis laoreet eu. Fusce ex lectus, scelerisque ut elementum id, auctor ut magna. Fusce ultrices, sem non sodales placerat, ipsum dui consectetur augue, non ultricies nulla libero consectetur velit.</div><div><br></div><div>Praesent dignissim lacinia lectus vel feugiat. Nam euismod nunc at quam volutpat, et molestie enim fringilla. Duis posuere urna vel metus ultricies convallis. <strong>Mauris blandit enim in odio dictum, a tempus lorem luctus.</strong></div><div><br></div>'),
(14,4,'Formulaires HTML',3,'https://www.youtube.com/embed/_GTMOmRrqkU','<h1><strong>Lorem ipsum dolor sit amet</strong></h1><div><br></div><div>Consectetur adipiscing elit. Nam non nibh massa. Fusce porta cursus velit, sed vehicula mi ultrices sit amet. Proin in laoreet <em>eros</em>. Pellentesque bibendum felis mi, et tristique ante dignissim a. Donec metus lorem, gravida eu dignissim sed, malesuada ac velit. Quisque ultricies rhoncus diam, vel sollicitudin mi euismod non. Fusce viverra tortor eu justo tincidunt, eget mollis nunc viverra. <strong>Nullam ac sodales leo</strong>. Donec dapibus vehicula tincidunt. Proin nec nisi accumsan, feugiat ex id, faucibus diam. Nunc ac libero quis est pharetra dignissim. In hac habitasse platea dictumst. Vivamus pretium, enim sit amet ullamcorper porta, nibh odio interdum turpis, sit amet blandit urna sapien eget sem. Nulla aliquam nisl nec nunc cursus tristique. <em>Praesent</em> eu dolor eget dui volutpat interdum non in sapien.</div><div><br></div><h1><strong>Nulla mollis quam sed quam posuere</strong></h1><div><br></div><div>Nec imperdiet justo finibus. Aliquam nibh ipsum, ornare quis viverra quis, malesuada convallis lorem. Morbi mattis fringilla purus, et congue dolor pulvinar eu. Cras et lectus vitae nulla pharetra posuere. Aenean tincidunt ultricies orci eu elementum. Sed sem tellus, cursus in nisl a, laoreet congue dui. Pellentesque habitant morbi tristique senectus et netus et malesuada fames ac turpis egestas.</div><div><br></div><h1><strong>Praesent interdum ligula ac&nbsp;</strong></h1><div><br></div><div>Enim convallis, commodo feugiat magna luctus. Sed eu lobortis nulla, in interdum ex. Aliquam pellentesque commodo mollis.&nbsp;</div><div><br></div><div>Interdum et malesuada fames ac ante ipsum primis in faucibus. Suspendisse arcu nisi, eleifend vel diam et, fringilla sagittis massa. Pellentesque quis lobortis quam. Morbi sit amet mi vitae risus volutpat eleifend in nec lorem. Ut diam nunc, venenatis egestas porttitor eget, rhoncus nec metus. Nam ac venenatis magna. Vestibulum at lacus nec augue finibus tempus in in dolor. In hac habitasse platea dictumst. Nunc ultricies iaculis velit, eu vulputate urna tincidunt a. Suspendisse potenti.</div><div><br></div><ul><li>Sed ut varius mi. Praesent nisl erat</li><li>Sodales at sagittis ac, rutrum in neque&nbsp;</li><li>Curabitur eros sapien, condimentum&nbsp;</li><li>Varius consequat vel, faucibus quis dolor.&nbsp;</li></ul><div><br></div><h1><strong>Duis sollicitudin, ligula a sodales ultricies</strong></h1><div><br></div><div>Odio urna varius erat, at bibendum sapien metus molestie nibh. Vivamus pharetra imperdiet aliquam. Fusce quis lectus vulputate ipsum molestie elementum a eget odio. Donec mattis risus ut nunc sollicitudin, sed imperdiet ex ultrices. Orci varius natoque penatibus et magnis dis parturient montes, nascetur ridiculus mus. Donec ac tempus ligula.</div><div><br></div><h1><strong>Nunc iaculis mattis metus ac viverra</strong></h1><div><br></div><div>Quisque eleifend faucibus augue, a placerat mi venenatis id. Aenean non viverra tortor. Sed erat tellus, sodales mattis nunc nec, rutrum sollicitudin ligula. In molestie, ex vel pharetra feugiat, metus sapien ultrices odio, quis posuere tortor neque at risus. Maecenas tortor risus, feugiat nec nunc a, molestie euismod lacus. Fusce sagittis risus quis magna placerat, consectetur dapibus ipsum gravida. Nam porttitor faucibus facilisis. Ut id est maximus, pretium metus sit amet, porttitor sapien. Aenean auctor dolor augue, ut vestibulum felis laoreet eu. Fusce ex lectus, scelerisque ut elementum id, auctor ut magna. Fusce ultrices, sem non sodales placerat, ipsum dui consectetur augue, non ultricies nulla libero consectetur velit.</div><div><br></div><div>Praesent dignissim lacinia lectus vel feugiat. Nam euismod nunc at quam volutpat, et molestie enim fringilla. Duis posuere urna vel metus ultricies convallis. <strong>Mauris blandit enim in odio dictum, a tempus lorem luctus.</strong></div><div><br></div>'),
(15,5,'Premiers pas avec CSS',1,'https://www.youtube.com/embed/_GTMOmRrqkU','<h1><strong>Lorem ipsum dolor sit amet</strong></h1><div><br></div><div>Consectetur adipiscing elit. Nam non nibh massa. Fusce porta cursus velit, sed vehicula mi ultrices sit amet. Proin in laoreet <em>eros</em>. Pellentesque bibendum felis mi, et tristique ante dignissim a. Donec metus lorem, gravida eu dignissim sed, malesuada ac velit. Quisque ultricies rhoncus diam, vel sollicitudin mi euismod non. Fusce viverra tortor eu justo tincidunt, eget mollis nunc viverra. <strong>Nullam ac sodales leo</strong>. Donec dapibus vehicula tincidunt. Proin nec nisi accumsan, feugiat ex id, faucibus diam. Nunc ac libero quis est pharetra dignissim. In hac habitasse platea dictumst. Vivamus pretium, enim sit amet ullamcorper porta, nibh odio interdum turpis, sit amet blandit urna sapien eget sem. Nulla aliquam nisl nec nunc cursus tristique. <em>Praesent</em> eu dolor eget dui volutpat interdum non in sapien.</div><div><br></div><h1><strong>Nulla mollis quam sed quam posuere</strong></h1><div><br></div><div>Nec imperdiet justo finibus. Aliquam nibh ipsum, ornare quis viverra quis, malesuada convallis lorem. Morbi mattis fringilla purus, et congue dolor pulvinar eu. Cras et lectus vitae nulla pharetra posuere. Aenean tincidunt ultricies orci eu elementum. Sed sem tellus, cursus in nisl a, laoreet congue dui. Pellentesque habitant morbi tristique senectus et netus et malesuada fames ac turpis egestas.</div><div><br></div><h1><strong>Praesent interdum ligula ac&nbsp;</strong></h1><div><br></div><div>Enim convallis, commodo feugiat magna luctus. Sed eu lobortis nulla, in interdum ex. Aliquam pellentesque commodo mollis.&nbsp;</div><div><br></div><div>Interdum et malesuada fames ac ante ipsum primis in faucibus. Suspendisse arcu nisi, eleifend vel diam et, fringilla sagittis massa. Pellentesque quis lobortis quam. Morbi sit amet mi vitae risus volutpat eleifend in nec lorem. Ut diam nunc, venenatis egestas porttitor eget, rhoncus nec metus. Nam ac venenatis magna. Vestibulum at lacus nec augue finibus tempus in in dolor. In hac habitasse platea dictumst. Nunc ultricies iaculis velit, eu vulputate urna tincidunt a. Suspendisse potenti.</div><div><br></div><ul><li>Sed ut varius mi. Praesent nisl erat</li><li>Sodales at sagittis ac, rutrum in neque&nbsp;</li><li>Curabitur eros sapien, condimentum&nbsp;</li><li>Varius consequat vel, faucibus quis dolor.&nbsp;</li></ul><div><br></div><h1><strong>Duis sollicitudin, ligula a sodales ultricies</strong></h1><div><br></div><div>Odio urna varius erat, at bibendum sapien metus molestie nibh. Vivamus pharetra imperdiet aliquam. Fusce quis lectus vulputate ipsum molestie elementum a eget odio. Donec mattis risus ut nunc sollicitudin, sed imperdiet ex ultrices. Orci varius natoque penatibus et magnis dis parturient montes, nascetur ridiculus mus. Donec ac tempus ligula.</div><div><br></div><h1><strong>Nunc iaculis mattis metus ac viverra</strong></h1><div><br></div><div>Quisque eleifend faucibus augue, a placerat mi venenatis id. Aenean non viverra tortor. Sed erat tellus, sodales mattis nunc nec, rutrum sollicitudin ligula. In molestie, ex vel pharetra feugiat, metus sapien ultrices odio, quis posuere tortor neque at risus. Maecenas tortor risus, feugiat nec nunc a, molestie euismod lacus. Fusce sagittis risus quis magna placerat, consectetur dapibus ipsum gravida. Nam porttitor faucibus facilisis. Ut id est maximus, pretium metus sit amet, porttitor sapien. Aenean auctor dolor augue, ut vestibulum felis laoreet eu. Fusce ex lectus, scelerisque ut elementum id, auctor ut magna. Fusce ultrices, sem non sodales placerat, ipsum dui consectetur augue, non ultricies nulla libero consectetur velit.</div><div><br></div><div>Praesent dignissim lacinia lectus vel feugiat. Nam euismod nunc at quam volutpat, et molestie enim fringilla. Duis posuere urna vel metus ultricies convallis. <strong>Mauris blandit enim in odio dictum, a tempus lorem luctus.</strong></div><div><br></div>'),
(16,5,'Styles CSS',2,'https://www.youtube.com/embed/_GTMOmRrqkU','<h1><strong>Lorem ipsum dolor sit amet</strong></h1><div><br></div><div>Consectetur adipiscing elit. Nam non nibh massa. Fusce porta cursus velit, sed vehicula mi ultrices sit amet. Proin in laoreet <em>eros</em>. Pellentesque bibendum felis mi, et tristique ante dignissim a. Donec metus lorem, gravida eu dignissim sed, malesuada ac velit. Quisque ultricies rhoncus diam, vel sollicitudin mi euismod non. Fusce viverra tortor eu justo tincidunt, eget mollis nunc viverra. <strong>Nullam ac sodales leo</strong>. Donec dapibus vehicula tincidunt. Proin nec nisi accumsan, feugiat ex id, faucibus diam. Nunc ac libero quis est pharetra dignissim. In hac habitasse platea dictumst. Vivamus pretium, enim sit amet ullamcorper porta, nibh odio interdum turpis, sit amet blandit urna sapien eget sem. Nulla aliquam nisl nec nunc cursus tristique. <em>Praesent</em> eu dolor eget dui volutpat interdum non in sapien.</div><div><br></div><h1><strong>Nulla mollis quam sed quam posuere</strong></h1><div><br></div><div>Nec imperdiet justo finibus. Aliquam nibh ipsum, ornare quis viverra quis, malesuada convallis lorem. Morbi mattis fringilla purus, et congue dolor pulvinar eu. Cras et lectus vitae nulla pharetra posuere. Aenean tincidunt ultricies orci eu elementum. Sed sem tellus, cursus in nisl a, laoreet congue dui. Pellentesque habitant morbi tristique senectus et netus et malesuada fames ac turpis egestas.</div><div><br></div><h1><strong>Praesent interdum ligula ac&nbsp;</strong></h1><div><br></div><div>Enim convallis, commodo feugiat magna luctus. Sed eu lobortis nulla, in interdum ex. Aliquam pellentesque commodo mollis.&nbsp;</div><div><br></div><div>Interdum et malesuada fames ac ante ipsum primis in faucibus. Suspendisse arcu nisi, eleifend vel diam et, fringilla sagittis massa. Pellentesque quis lobortis quam. Morbi sit amet mi vitae risus volutpat eleifend in nec lorem. Ut diam nunc, venenatis egestas porttitor eget, rhoncus nec metus. Nam ac venenatis magna. Vestibulum at lacus nec augue finibus tempus in in dolor. In hac habitasse platea dictumst. Nunc ultricies iaculis velit, eu vulputate urna tincidunt a. Suspendisse potenti.</div><div><br></div><ul><li>Sed ut varius mi. Praesent nisl erat</li><li>Sodales at sagittis ac, rutrum in neque&nbsp;</li><li>Curabitur eros sapien, condimentum&nbsp;</li><li>Varius consequat vel, faucibus quis dolor.&nbsp;</li></ul><div><br></div><h1><strong>Duis sollicitudin, ligula a sodales ultricies</strong></h1><div><br></div><div>Odio urna varius erat, at bibendum sapien metus molestie nibh. Vivamus pharetra imperdiet aliquam. Fusce quis lectus vulputate ipsum molestie elementum a eget odio. Donec mattis risus ut nunc sollicitudin, sed imperdiet ex ultrices. Orci varius natoque penatibus et magnis dis parturient montes, nascetur ridiculus mus. Donec ac tempus ligula.</div><div><br></div><h1><strong>Nunc iaculis mattis metus ac viverra</strong></h1><div><br></div><div>Quisque eleifend faucibus augue, a placerat mi venenatis id. Aenean non viverra tortor. Sed erat tellus, sodales mattis nunc nec, rutrum sollicitudin ligula. In molestie, ex vel pharetra feugiat, metus sapien ultrices odio, quis posuere tortor neque at risus. Maecenas tortor risus, feugiat nec nunc a, molestie euismod lacus. Fusce sagittis risus quis magna placerat, consectetur dapibus ipsum gravida. Nam porttitor faucibus facilisis. Ut id est maximus, pretium metus sit amet, porttitor sapien. Aenean auctor dolor augue, ut vestibulum felis laoreet eu. Fusce ex lectus, scelerisque ut elementum id, auctor ut magna. Fusce ultrices, sem non sodales placerat, ipsum dui consectetur augue, non ultricies nulla libero consectetur velit.</div><div><br></div><div>Praesent dignissim lacinia lectus vel feugiat. Nam euismod nunc at quam volutpat, et molestie enim fringilla. Duis posuere urna vel metus ultricies convallis. <strong>Mauris blandit enim in odio dictum, a tempus lorem luctus.</strong></div><div><br></div>'),
(17,5,'Layout CSS',3,'https://www.youtube.com/embed/_GTMOmRrqkU','<h1><strong>Lorem ipsum dolor sit amet</strong></h1><div><br></div><div>Consectetur adipiscing elit. Nam non nibh massa. Fusce porta cursus velit, sed vehicula mi ultrices sit amet. Proin in laoreet <em>eros</em>. Pellentesque bibendum felis mi, et tristique ante dignissim a. Donec metus lorem, gravida eu dignissim sed, malesuada ac velit. Quisque ultricies rhoncus diam, vel sollicitudin mi euismod non. Fusce viverra tortor eu justo tincidunt, eget mollis nunc viverra. <strong>Nullam ac sodales leo</strong>. Donec dapibus vehicula tincidunt. Proin nec nisi accumsan, feugiat ex id, faucibus diam. Nunc ac libero quis est pharetra dignissim. In hac habitasse platea dictumst. Vivamus pretium, enim sit amet ullamcorper porta, nibh odio interdum turpis, sit amet blandit urna sapien eget sem. Nulla aliquam nisl nec nunc cursus tristique. <em>Praesent</em> eu dolor eget dui volutpat interdum non in sapien.</div><div><br></div><h1><strong>Nulla mollis quam sed quam posuere</strong></h1><div><br></div><div>Nec imperdiet justo finibus. Aliquam nibh ipsum, ornare quis viverra quis, malesuada convallis lorem. Morbi mattis fringilla purus, et congue dolor pulvinar eu. Cras et lectus vitae nulla pharetra posuere. Aenean tincidunt ultricies orci eu elementum. Sed sem tellus, cursus in nisl a, laoreet congue dui. Pellentesque habitant morbi tristique senectus et netus et malesuada fames ac turpis egestas.</div><div><br></div><h1><strong>Praesent interdum ligula ac&nbsp;</strong></h1><div><br></div><div>Enim convallis, commodo feugiat magna luctus. Sed eu lobortis nulla, in interdum ex. Aliquam pellentesque commodo mollis.&nbsp;</div><div><br></div><div>Interdum et malesuada fames ac ante ipsum primis in faucibus. Suspendisse arcu nisi, eleifend vel diam et, fringilla sagittis massa. Pellentesque quis lobortis quam. Morbi sit amet mi vitae risus volutpat eleifend in nec lorem. Ut diam nunc, venenatis egestas porttitor eget, rhoncus nec metus. Nam ac venenatis magna. Vestibulum at lacus nec augue finibus tempus in in dolor. In hac habitasse platea dictumst. Nunc ultricies iaculis velit, eu vulputate urna tincidunt a. Suspendisse potenti.</div><div><br></div><ul><li>Sed ut varius mi. Praesent nisl erat</li><li>Sodales at sagittis ac, rutrum in neque&nbsp;</li><li>Curabitur eros sapien, condimentum&nbsp;</li><li>Varius consequat vel, faucibus quis dolor.&nbsp;</li></ul><div><br></div><h1><strong>Duis sollicitudin, ligula a sodales ultricies</strong></h1><div><br></div><div>Odio urna varius erat, at bibendum sapien metus molestie nibh. Vivamus pharetra imperdiet aliquam. Fusce quis lectus vulputate ipsum molestie elementum a eget odio. Donec mattis risus ut nunc sollicitudin, sed imperdiet ex ultrices. Orci varius natoque penatibus et magnis dis parturient montes, nascetur ridiculus mus. Donec ac tempus ligula.</div><div><br></div><h1><strong>Nunc iaculis mattis metus ac viverra</strong></h1><div><br></div><div>Quisque eleifend faucibus augue, a placerat mi venenatis id. Aenean non viverra tortor. Sed erat tellus, sodales mattis nunc nec, rutrum sollicitudin ligula. In molestie, ex vel pharetra feugiat, metus sapien ultrices odio, quis posuere tortor neque at risus. Maecenas tortor risus, feugiat nec nunc a, molestie euismod lacus. Fusce sagittis risus quis magna placerat, consectetur dapibus ipsum gravida. Nam porttitor faucibus facilisis. Ut id est maximus, pretium metus sit amet, porttitor sapien. Aenean auctor dolor augue, ut vestibulum felis laoreet eu. Fusce ex lectus, scelerisque ut elementum id, auctor ut magna. Fusce ultrices, sem non sodales placerat, ipsum dui consectetur augue, non ultricies nulla libero consectetur velit.</div><div><br></div><div>Praesent dignissim lacinia lectus vel feugiat. Nam euismod nunc at quam volutpat, et molestie enim fringilla. Duis posuere urna vel metus ultricies convallis. <strong>Mauris blandit enim in odio dictum, a tempus lorem luctus.</strong></div><div><br></div>'),
(18,6,'Premiers pas JavaScript',1,'https://www.youtube.com/embed/_GTMOmRrqkU','<h1><strong>Lorem ipsum dolor sit amet</strong></h1><div><br></div><div>Consectetur adipiscing elit. Nam non nibh massa. Fusce porta cursus velit, sed vehicula mi ultrices sit amet. Proin in laoreet <em>eros</em>. Pellentesque bibendum felis mi, et tristique ante dignissim a. Donec metus lorem, gravida eu dignissim sed, malesuada ac velit. Quisque ultricies rhoncus diam, vel sollicitudin mi euismod non. Fusce viverra tortor eu justo tincidunt, eget mollis nunc viverra. <strong>Nullam ac sodales leo</strong>. Donec dapibus vehicula tincidunt. Proin nec nisi accumsan, feugiat ex id, faucibus diam. Nunc ac libero quis est pharetra dignissim. In hac habitasse platea dictumst. Vivamus pretium, enim sit amet ullamcorper porta, nibh odio interdum turpis, sit amet blandit urna sapien eget sem. Nulla aliquam nisl nec nunc cursus tristique. <em>Praesent</em> eu dolor eget dui volutpat interdum non in sapien.</div><div><br></div><h1><strong>Nulla mollis quam sed quam posuere</strong></h1><div><br></div><div>Nec imperdiet justo finibus. Aliquam nibh ipsum, ornare quis viverra quis, malesuada convallis lorem. Morbi mattis fringilla purus, et congue dolor pulvinar eu. Cras et lectus vitae nulla pharetra posuere. Aenean tincidunt ultricies orci eu elementum. Sed sem tellus, cursus in nisl a, laoreet congue dui. Pellentesque habitant morbi tristique senectus et netus et malesuada fames ac turpis egestas.</div><div><br></div><h1><strong>Praesent interdum ligula ac&nbsp;</strong></h1><div><br></div><div>Enim convallis, commodo feugiat magna luctus. Sed eu lobortis nulla, in interdum ex. Aliquam pellentesque commodo mollis.&nbsp;</div><div><br></div><div>Interdum et malesuada fames ac ante ipsum primis in faucibus. Suspendisse arcu nisi, eleifend vel diam et, fringilla sagittis massa. Pellentesque quis lobortis quam. Morbi sit amet mi vitae risus volutpat eleifend in nec lorem. Ut diam nunc, venenatis egestas porttitor eget, rhoncus nec metus. Nam ac venenatis magna. Vestibulum at lacus nec augue finibus tempus in in dolor. In hac habitasse platea dictumst. Nunc ultricies iaculis velit, eu vulputate urna tincidunt a. Suspendisse potenti.</div><div><br></div><ul><li>Sed ut varius mi. Praesent nisl erat</li><li>Sodales at sagittis ac, rutrum in neque&nbsp;</li><li>Curabitur eros sapien, condimentum&nbsp;</li><li>Varius consequat vel, faucibus quis dolor.&nbsp;</li></ul><div><br></div><h1><strong>Duis sollicitudin, ligula a sodales ultricies</strong></h1><div><br></div><div>Odio urna varius erat, at bibendum sapien metus molestie nibh. Vivamus pharetra imperdiet aliquam. Fusce quis lectus vulputate ipsum molestie elementum a eget odio. Donec mattis risus ut nunc sollicitudin, sed imperdiet ex ultrices. Orci varius natoque penatibus et magnis dis parturient montes, nascetur ridiculus mus. Donec ac tempus ligula.</div><div><br></div><h1><strong>Nunc iaculis mattis metus ac viverra</strong></h1><div><br></div><div>Quisque eleifend faucibus augue, a placerat mi venenatis id. Aenean non viverra tortor. Sed erat tellus, sodales mattis nunc nec, rutrum sollicitudin ligula. In molestie, ex vel pharetra feugiat, metus sapien ultrices odio, quis posuere tortor neque at risus. Maecenas tortor risus, feugiat nec nunc a, molestie euismod lacus. Fusce sagittis risus quis magna placerat, consectetur dapibus ipsum gravida. Nam porttitor faucibus facilisis. Ut id est maximus, pretium metus sit amet, porttitor sapien. Aenean auctor dolor augue, ut vestibulum felis laoreet eu. Fusce ex lectus, scelerisque ut elementum id, auctor ut magna. Fusce ultrices, sem non sodales placerat, ipsum dui consectetur augue, non ultricies nulla libero consectetur velit.</div><div><br></div><div>Praesent dignissim lacinia lectus vel feugiat. Nam euismod nunc at quam volutpat, et molestie enim fringilla. Duis posuere urna vel metus ultricies convallis. <strong>Mauris blandit enim in odio dictum, a tempus lorem luctus.</strong></div><div><br></div>'),
(19,6,'Les objets JS',2,'https://www.youtube.com/embed/_GTMOmRrqkU','<h1><strong>Lorem ipsum dolor sit amet</strong></h1><div><br></div><div>Consectetur adipiscing elit. Nam non nibh massa. Fusce porta cursus velit, sed vehicula mi ultrices sit amet. Proin in laoreet <em>eros</em>. Pellentesque bibendum felis mi, et tristique ante dignissim a. Donec metus lorem, gravida eu dignissim sed, malesuada ac velit. Quisque ultricies rhoncus diam, vel sollicitudin mi euismod non. Fusce viverra tortor eu justo tincidunt, eget mollis nunc viverra. <strong>Nullam ac sodales leo</strong>. Donec dapibus vehicula tincidunt. Proin nec nisi accumsan, feugiat ex id, faucibus diam. Nunc ac libero quis est pharetra dignissim. In hac habitasse platea dictumst. Vivamus pretium, enim sit amet ullamcorper porta, nibh odio interdum turpis, sit amet blandit urna sapien eget sem. Nulla aliquam nisl nec nunc cursus tristique. <em>Praesent</em> eu dolor eget dui volutpat interdum non in sapien.</div><div><br></div><h1><strong>Nulla mollis quam sed quam posuere</strong></h1><div><br></div><div>Nec imperdiet justo finibus. Aliquam nibh ipsum, ornare quis viverra quis, malesuada convallis lorem. Morbi mattis fringilla purus, et congue dolor pulvinar eu. Cras et lectus vitae nulla pharetra posuere. Aenean tincidunt ultricies orci eu elementum. Sed sem tellus, cursus in nisl a, laoreet congue dui. Pellentesque habitant morbi tristique senectus et netus et malesuada fames ac turpis egestas.</div><div><br></div><h1><strong>Praesent interdum ligula ac&nbsp;</strong></h1><div><br></div><div>Enim convallis, commodo feugiat magna luctus. Sed eu lobortis nulla, in interdum ex. Aliquam pellentesque commodo mollis.&nbsp;</div><div><br></div><div>Interdum et malesuada fames ac ante ipsum primis in faucibus. Suspendisse arcu nisi, eleifend vel diam et, fringilla sagittis massa. Pellentesque quis lobortis quam. Morbi sit amet mi vitae risus volutpat eleifend in nec lorem. Ut diam nunc, venenatis egestas porttitor eget, rhoncus nec metus. Nam ac venenatis magna. Vestibulum at lacus nec augue finibus tempus in in dolor. In hac habitasse platea dictumst. Nunc ultricies iaculis velit, eu vulputate urna tincidunt a. Suspendisse potenti.</div><div><br></div><ul><li>Sed ut varius mi. Praesent nisl erat</li><li>Sodales at sagittis ac, rutrum in neque&nbsp;</li><li>Curabitur eros sapien, condimentum&nbsp;</li><li>Varius consequat vel, faucibus quis dolor.&nbsp;</li></ul><div><br></div><h1><strong>Duis sollicitudin, ligula a sodales ultricies</strong></h1><div><br></div><div>Odio urna varius erat, at bibendum sapien metus molestie nibh. Vivamus pharetra imperdiet aliquam. Fusce quis lectus vulputate ipsum molestie elementum a eget odio. Donec mattis risus ut nunc sollicitudin, sed imperdiet ex ultrices. Orci varius natoque penatibus et magnis dis parturient montes, nascetur ridiculus mus. Donec ac tempus ligula.</div><div><br></div><h1><strong>Nunc iaculis mattis metus ac viverra</strong></h1><div><br></div><div>Quisque eleifend faucibus augue, a placerat mi venenatis id. Aenean non viverra tortor. Sed erat tellus, sodales mattis nunc nec, rutrum sollicitudin ligula. In molestie, ex vel pharetra feugiat, metus sapien ultrices odio, quis posuere tortor neque at risus. Maecenas tortor risus, feugiat nec nunc a, molestie euismod lacus. Fusce sagittis risus quis magna placerat, consectetur dapibus ipsum gravida. Nam porttitor faucibus facilisis. Ut id est maximus, pretium metus sit amet, porttitor sapien. Aenean auctor dolor augue, ut vestibulum felis laoreet eu. Fusce ex lectus, scelerisque ut elementum id, auctor ut magna. Fusce ultrices, sem non sodales placerat, ipsum dui consectetur augue, non ultricies nulla libero consectetur velit.</div><div><br></div><div>Praesent dignissim lacinia lectus vel feugiat. Nam euismod nunc at quam volutpat, et molestie enim fringilla. Duis posuere urna vel metus ultricies convallis. <strong>Mauris blandit enim in odio dictum, a tempus lorem luctus.</strong></div><div><br></div>'),
(20,6,'Introduction au DOM',3,'https://www.youtube.com/embed/_GTMOmRrqkU','<h1><strong>Lorem ipsum dolor sit amet</strong></h1><div><br></div><div>Consectetur adipiscing elit. Nam non nibh massa. Fusce porta cursus velit, sed vehicula mi ultrices sit amet. Proin in laoreet <em>eros</em>. Pellentesque bibendum felis mi, et tristique ante dignissim a. Donec metus lorem, gravida eu dignissim sed, malesuada ac velit. Quisque ultricies rhoncus diam, vel sollicitudin mi euismod non. Fusce viverra tortor eu justo tincidunt, eget mollis nunc viverra. <strong>Nullam ac sodales leo</strong>. Donec dapibus vehicula tincidunt. Proin nec nisi accumsan, feugiat ex id, faucibus diam. Nunc ac libero quis est pharetra dignissim. In hac habitasse platea dictumst. Vivamus pretium, enim sit amet ullamcorper porta, nibh odio interdum turpis, sit amet blandit urna sapien eget sem. Nulla aliquam nisl nec nunc cursus tristique. <em>Praesent</em> eu dolor eget dui volutpat interdum non in sapien.</div><div><br></div><h1><strong>Nulla mollis quam sed quam posuere</strong></h1><div><br></div><div>Nec imperdiet justo finibus. Aliquam nibh ipsum, ornare quis viverra quis, malesuada convallis lorem. Morbi mattis fringilla purus, et congue dolor pulvinar eu. Cras et lectus vitae nulla pharetra posuere. Aenean tincidunt ultricies orci eu elementum. Sed sem tellus, cursus in nisl a, laoreet congue dui. Pellentesque habitant morbi tristique senectus et netus et malesuada fames ac turpis egestas.</div><div><br></div><h1><strong>Praesent interdum ligula ac&nbsp;</strong></h1><div><br></div><div>Enim convallis, commodo feugiat magna luctus. Sed eu lobortis nulla, in interdum ex. Aliquam pellentesque commodo mollis.&nbsp;</div><div><br></div><div>Interdum et malesuada fames ac ante ipsum primis in faucibus. Suspendisse arcu nisi, eleifend vel diam et, fringilla sagittis massa. Pellentesque quis lobortis quam. Morbi sit amet mi vitae risus volutpat eleifend in nec lorem. Ut diam nunc, venenatis egestas porttitor eget, rhoncus nec metus. Nam ac venenatis magna. Vestibulum at lacus nec augue finibus tempus in in dolor. In hac habitasse platea dictumst. Nunc ultricies iaculis velit, eu vulputate urna tincidunt a. Suspendisse potenti.</div><div><br></div><ul><li>Sed ut varius mi. Praesent nisl erat</li><li>Sodales at sagittis ac, rutrum in neque&nbsp;</li><li>Curabitur eros sapien, condimentum&nbsp;</li><li>Varius consequat vel, faucibus quis dolor.&nbsp;</li></ul><div><br></div><h1><strong>Duis sollicitudin, ligula a sodales ultricies</strong></h1><div><br></div><div>Odio urna varius erat, at bibendum sapien metus molestie nibh. Vivamus pharetra imperdiet aliquam. Fusce quis lectus vulputate ipsum molestie elementum a eget odio. Donec mattis risus ut nunc sollicitudin, sed imperdiet ex ultrices. Orci varius natoque penatibus et magnis dis parturient montes, nascetur ridiculus mus. Donec ac tempus ligula.</div><div><br></div><h1><strong>Nunc iaculis mattis metus ac viverra</strong></h1><div><br></div><div>Quisque eleifend faucibus augue, a placerat mi venenatis id. Aenean non viverra tortor. Sed erat tellus, sodales mattis nunc nec, rutrum sollicitudin ligula. In molestie, ex vel pharetra feugiat, metus sapien ultrices odio, quis posuere tortor neque at risus. Maecenas tortor risus, feugiat nec nunc a, molestie euismod lacus. Fusce sagittis risus quis magna placerat, consectetur dapibus ipsum gravida. Nam porttitor faucibus facilisis. Ut id est maximus, pretium metus sit amet, porttitor sapien. Aenean auctor dolor augue, ut vestibulum felis laoreet eu. Fusce ex lectus, scelerisque ut elementum id, auctor ut magna. Fusce ultrices, sem non sodales placerat, ipsum dui consectetur augue, non ultricies nulla libero consectetur velit.</div><div><br></div><div>Praesent dignissim lacinia lectus vel feugiat. Nam euismod nunc at quam volutpat, et molestie enim fringilla. Duis posuere urna vel metus ultricies convallis. <strong>Mauris blandit enim in odio dictum, a tempus lorem luctus.</strong></div><div><br></div>'),
(21,7,'Variables et constantes',1,'https://www.youtube.com/embed/W9mn8-545QQ','<h1>Lorem ipsum dolor sit amet</h1><div><br></div><div>Consectetur adipiscing elit. Nam non nibh massa. Fusce porta cursus velit, sed vehicula mi ultrices sit amet. Proin in laoreet <em>eros</em>.&nbsp;<br><br></div><pre>def mislead(Arya){\r\n	y += ( COLS )\r\n}\r\ndef betray(Hodor){\r\n\r\n}</pre><div><br>Pellentesque bibendum felis mi, et tristique ante dignissim a. Donec metus lorem, gravida eu dignissim sed, malesuada ac velit. Quisque ultricies rhoncus diam, vel sollicitudin mi euismod non. Fusce viverra tortor eu justo tincidunt, eget mollis nunc viverra. <strong>Nullam ac sodales leo</strong>. Donec dapibus vehicula tincidunt. Proin nec nisi accumsan, feugiat ex id, faucibus diam. Nunc ac libero quis est pharetra dignissim. In hac habitasse platea dictumst. Vivamus pretium, enim sit amet ullamcorper porta, nibh odio interdum turpis, sit amet blandit urna sapien eget sem. Nulla aliquam nisl nec nunc cursus tristique. <em>Praesent</em> eu dolor eget dui volutpat interdum non in sapien.<br><br></div><h1>Nulla mollis quam sed quam posuere</h1><div><br></div><div>Nec imperdiet justo finibus. Aliquam nibh ipsum, ornare quis viverra quis, malesuada convallis lorem. Morbi mattis fringilla purus, et congue dolor pulvinar eu. Cras et lectus vitae nulla pharetra posuere. Aenean tincidunt ultricies orci eu elementum. Sed sem tellus, cursus in nisl a, laoreet congue dui. Pellentesque habitant morbi tristique senectus et netus et malesuada fames ac turpis egestas.<br><br></div><h1>Praesent interdum ligula ac&nbsp;</h1><div><br></div><blockquote>Enim convallis, commodo feugiat magna luctus. Sed eu lobortis nulla, in interdum ex. Aliquam pellentesque commodo mollis.&nbsp;</blockquote><div><br>Interdum et malesuada fames ac ante ipsum primis in faucibus. Suspendisse arcu nisi, eleifend vel diam et, fringilla sagittis massa. Pellentesque quis lobortis quam. Morbi sit amet mi vitae risus volutpat eleifend in nec lorem. Ut diam nunc, venenatis egestas porttitor eget, rhoncus nec metus. Nam ac venenatis magna. Vestibulum at lacus nec augue finibus tempus in in dolor. In hac habitasse platea dictumst. Nunc ultricies iaculis velit, eu vulputate urna tincidunt a. Suspendisse potenti.<br><br></div><ul><li>Sed ut varius mi. Praesent nisl erat</li><li>Sodales at sagittis ac, rutrum in neque&nbsp;</li><li>Curabitur eros sapien, condimentum&nbsp;</li><li>Varius consequat vel, faucibus quis dolor.&nbsp;</li></ul><div><br></div><h1>Duis sollicitudin, ligula a sodales ultricies</h1><div><br>Odio urna varius erat, at bibendum sapien metus molestie nibh. Vivamus pharetra imperdiet aliquam. Fusce quis lectus vulputate ipsum molestie elementum a eget odio. Donec mattis risus ut nunc sollicitudin, sed imperdiet ex ultrices. Orci varius natoque penatibus et magnis dis parturient montes, nascetur ridiculus mus. Donec ac tempus ligula.</div><div><br></div><h1>Nunc iaculis mattis metus ac viverra</h1><div><br></div><div>Quisque eleifend faucibus augue, a placerat mi venenatis id. Aenean non viverra tortor. Sed erat tellus, sodales mattis nunc nec, rutrum sollicitudin ligula. In molestie, ex vel pharetra feugiat, metus sapien ultrices odio, quis posuere tortor neque at risus. Maecenas tortor risus, feugiat nec nunc a, molestie euismod lacus. Fusce sagittis risus quis magna placerat, consectetur dapibus ipsum gravida. Nam porttitor faucibus facilisis. Ut id est maximus, pretium metus sit amet, porttitor sapien. Aenean auctor dolor augue, ut vestibulum felis laoreet eu. Fusce ex lectus, scelerisque ut elementum id, auctor ut magna. Fusce ultrices, sem non sodales placerat, ipsum dui consectetur augue, non ultricies nulla libero consectetur velit.<br><br>Praesent dignissim lacinia lectus vel feugiat. Nam euismod nunc at quam volutpat, et molestie enim fringilla. Duis posuere urna vel metus ultricies convallis. <strong>Mauris blandit enim in odio dictum, a tempus lorem luctus.</strong></div><div><br></div><div><br></div>'),
(22,7,'Boucles',2,'https://www.youtube.com/embed/W9mn8-545QQ','<h1>Lorem ipsum dolor sit amet</h1><div><br></div><div>Consectetur adipiscing elit. Nam non nibh massa. Fusce porta cursus velit, sed vehicula mi ultrices sit amet. Proin in laoreet <em>eros</em>.&nbsp;<br><br></div><pre>def mislead(Arya){\r\n	y += ( COLS )\r\n}\r\ndef betray(Hodor){\r\n\r\n}</pre><div><br>Pellentesque bibendum felis mi, et tristique ante dignissim a. Donec metus lorem, gravida eu dignissim sed, malesuada ac velit. Quisque ultricies rhoncus diam, vel sollicitudin mi euismod non. Fusce viverra tortor eu justo tincidunt, eget mollis nunc viverra. <strong>Nullam ac sodales leo</strong>. Donec dapibus vehicula tincidunt. Proin nec nisi accumsan, feugiat ex id, faucibus diam. Nunc ac libero quis est pharetra dignissim. In hac habitasse platea dictumst. Vivamus pretium, enim sit amet ullamcorper porta, nibh odio interdum turpis, sit amet blandit urna sapien eget sem. Nulla aliquam nisl nec nunc cursus tristique. <em>Praesent</em> eu dolor eget dui volutpat interdum non in sapien.<br><br></div><h1>Nulla mollis quam sed quam posuere</h1><div><br></div><div>Nec imperdiet justo finibus. Aliquam nibh ipsum, ornare quis viverra quis, malesuada convallis lorem. Morbi mattis fringilla purus, et congue dolor pulvinar eu. Cras et lectus vitae nulla pharetra posuere. Aenean tincidunt ultricies orci eu elementum. Sed sem tellus, cursus in nisl a, laoreet congue dui. Pellentesque habitant morbi tristique senectus et netus et malesuada fames ac turpis egestas.<br><br></div><h1>Praesent interdum ligula ac&nbsp;</h1><div><br></div><blockquote>Enim convallis, commodo feugiat magna luctus. Sed eu lobortis nulla, in interdum ex. Aliquam pellentesque commodo mollis.&nbsp;</blockquote><div><br>Interdum et malesuada fames ac ante ipsum primis in faucibus. Suspendisse arcu nisi, eleifend vel diam et, fringilla sagittis massa. Pellentesque quis lobortis quam. Morbi sit amet mi vitae risus volutpat eleifend in nec lorem. Ut diam nunc, venenatis egestas porttitor eget, rhoncus nec metus. Nam ac venenatis magna. Vestibulum at lacus nec augue finibus tempus in in dolor. In hac habitasse platea dictumst. Nunc ultricies iaculis velit, eu vulputate urna tincidunt a. Suspendisse potenti.<br><br></div><ul><li>Sed ut varius mi. Praesent nisl erat</li><li>Sodales at sagittis ac, rutrum in neque&nbsp;</li><li>Curabitur eros sapien, condimentum&nbsp;</li><li>Varius consequat vel, faucibus quis dolor.&nbsp;</li></ul><div><br></div><h1>Duis sollicitudin, ligula a sodales ultricies</h1><div><br>Odio urna varius erat, at bibendum sapien metus molestie nibh. Vivamus pharetra imperdiet aliquam. Fusce quis lectus vulputate ipsum molestie elementum a eget odio. Donec mattis risus ut nunc sollicitudin, sed imperdiet ex ultrices. Orci varius natoque penatibus et magnis dis parturient montes, nascetur ridiculus mus. Donec ac tempus ligula.</div><div><br></div><h1>Nunc iaculis mattis metus ac viverra</h1><div><br></div><div>Quisque eleifend faucibus augue, a placerat mi venenatis id. Aenean non viverra tortor. Sed erat tellus, sodales mattis nunc nec, rutrum sollicitudin ligula. In molestie, ex vel pharetra feugiat, metus sapien ultrices odio, quis posuere tortor neque at risus. Maecenas tortor risus, feugiat nec nunc a, molestie euismod lacus. Fusce sagittis risus quis magna placerat, consectetur dapibus ipsum gravida. Nam porttitor faucibus facilisis. Ut id est maximus, pretium metus sit amet, porttitor sapien. Aenean auctor dolor augue, ut vestibulum felis laoreet eu. Fusce ex lectus, scelerisque ut elementum id, auctor ut magna. Fusce ultrices, sem non sodales placerat, ipsum dui consectetur augue, non ultricies nulla libero consectetur velit.<br><br>Praesent dignissim lacinia lectus vel feugiat. Nam euismod nunc at quam volutpat, et molestie enim fringilla. Duis posuere urna vel metus ultricies convallis. <strong>Mauris blandit enim in odio dictum, a tempus lorem luctus.</strong></div><div><br></div><div><br></div><div><br></div>'),
(23,7,'Fonctions et closures',3,'https://www.youtube.com/embed/W9mn8-545QQ','<h1>Lorem ipsum dolor sit amet</h1><div><br></div><div>Consectetur adipiscing elit. Nam non nibh massa. Fusce porta cursus velit, sed vehicula mi ultrices sit amet. Proin in laoreet <em>eros</em>.&nbsp;<br><br></div><pre>def mislead(Arya){\r\n	y += ( COLS )\r\n}\r\ndef betray(Hodor){\r\n\r\n}</pre><div><br>Pellentesque bibendum felis mi, et tristique ante dignissim a. Donec metus lorem, gravida eu dignissim sed, malesuada ac velit. Quisque ultricies rhoncus diam, vel sollicitudin mi euismod non. Fusce viverra tortor eu justo tincidunt, eget mollis nunc viverra. <strong>Nullam ac sodales leo</strong>. Donec dapibus vehicula tincidunt. Proin nec nisi accumsan, feugiat ex id, faucibus diam. Nunc ac libero quis est pharetra dignissim. In hac habitasse platea dictumst. Vivamus pretium, enim sit amet ullamcorper porta, nibh odio interdum turpis, sit amet blandit urna sapien eget sem. Nulla aliquam nisl nec nunc cursus tristique. <em>Praesent</em> eu dolor eget dui volutpat interdum non in sapien.<br><br></div><h1>Nulla mollis quam sed quam posuere</h1><div><br></div><div>Nec imperdiet justo finibus. Aliquam nibh ipsum, ornare quis viverra quis, malesuada convallis lorem. Morbi mattis fringilla purus, et congue dolor pulvinar eu. Cras et lectus vitae nulla pharetra posuere. Aenean tincidunt ultricies orci eu elementum. Sed sem tellus, cursus in nisl a, laoreet congue dui. Pellentesque habitant morbi tristique senectus et netus et malesuada fames ac turpis egestas.<br><br></div><h1>Praesent interdum ligula ac&nbsp;</h1><div><br></div><blockquote>Enim convallis, commodo feugiat magna luctus. Sed eu lobortis nulla, in interdum ex. Aliquam pellentesque commodo mollis.&nbsp;</blockquote><div><br>Interdum et malesuada fames ac ante ipsum primis in faucibus. Suspendisse arcu nisi, eleifend vel diam et, fringilla sagittis massa. Pellentesque quis lobortis quam. Morbi sit amet mi vitae risus volutpat eleifend in nec lorem. Ut diam nunc, venenatis egestas porttitor eget, rhoncus nec metus. Nam ac venenatis magna. Vestibulum at lacus nec augue finibus tempus in in dolor. In hac habitasse platea dictumst. Nunc ultricies iaculis velit, eu vulputate urna tincidunt a. Suspendisse potenti.<br><br></div><ul><li>Sed ut varius mi. Praesent nisl erat</li><li>Sodales at sagittis ac, rutrum in neque&nbsp;</li><li>Curabitur eros sapien, condimentum&nbsp;</li><li>Varius consequat vel, faucibus quis dolor.&nbsp;</li></ul><div><br></div><h1>Duis sollicitudin, ligula a sodales ultricies</h1><div><br>Odio urna varius erat, at bibendum sapien metus molestie nibh. Vivamus pharetra imperdiet aliquam. Fusce quis lectus vulputate ipsum molestie elementum a eget odio. Donec mattis risus ut nunc sollicitudin, sed imperdiet ex ultrices. Orci varius natoque penatibus et magnis dis parturient montes, nascetur ridiculus mus. Donec ac tempus ligula.</div><div><br></div><h1>Nunc iaculis mattis metus ac viverra</h1><div><br></div><div>Quisque eleifend faucibus augue, a placerat mi venenatis id. Aenean non viverra tortor. Sed erat tellus, sodales mattis nunc nec, rutrum sollicitudin ligula. In molestie, ex vel pharetra feugiat, metus sapien ultrices odio, quis posuere tortor neque at risus. Maecenas tortor risus, feugiat nec nunc a, molestie euismod lacus. Fusce sagittis risus quis magna placerat, consectetur dapibus ipsum gravida. Nam porttitor faucibus facilisis. Ut id est maximus, pretium metus sit amet, porttitor sapien. Aenean auctor dolor augue, ut vestibulum felis laoreet eu. Fusce ex lectus, scelerisque ut elementum id, auctor ut magna. Fusce ultrices, sem non sodales placerat, ipsum dui consectetur augue, non ultricies nulla libero consectetur velit.<br><br>Praesent dignissim lacinia lectus vel feugiat. Nam euismod nunc at quam volutpat, et molestie enim fringilla. Duis posuere urna vel metus ultricies convallis. <strong>Mauris blandit enim in odio dictum, a tempus lorem luctus.</strong></div><div><br></div><div><br></div><div><br></div>'),
(24,7,'Objets et classes',4,'https://www.youtube.com/embed/W9mn8-545QQ','<h1>Lorem ipsum dolor sit amet</h1><div><br></div><div>Consectetur adipiscing elit. Nam non nibh massa. Fusce porta cursus velit, sed vehicula mi ultrices sit amet. Proin in laoreet <em>eros</em>.&nbsp;<br><br></div><pre>def mislead(Arya){\r\n	y += ( COLS )\r\n}\r\ndef betray(Hodor){\r\n\r\n}</pre><div><br>Pellentesque bibendum felis mi, et tristique ante dignissim a. Donec metus lorem, gravida eu dignissim sed, malesuada ac velit. Quisque ultricies rhoncus diam, vel sollicitudin mi euismod non. Fusce viverra tortor eu justo tincidunt, eget mollis nunc viverra. <strong>Nullam ac sodales leo</strong>. Donec dapibus vehicula tincidunt. Proin nec nisi accumsan, feugiat ex id, faucibus diam. Nunc ac libero quis est pharetra dignissim. In hac habitasse platea dictumst. Vivamus pretium, enim sit amet ullamcorper porta, nibh odio interdum turpis, sit amet blandit urna sapien eget sem. Nulla aliquam nisl nec nunc cursus tristique. <em>Praesent</em> eu dolor eget dui volutpat interdum non in sapien.<br><br></div><h1>Nulla mollis quam sed quam posuere</h1><div><br></div><div>Nec imperdiet justo finibus. Aliquam nibh ipsum, ornare quis viverra quis, malesuada convallis lorem. Morbi mattis fringilla purus, et congue dolor pulvinar eu. Cras et lectus vitae nulla pharetra posuere. Aenean tincidunt ultricies orci eu elementum. Sed sem tellus, cursus in nisl a, laoreet congue dui. Pellentesque habitant morbi tristique senectus et netus et malesuada fames ac turpis egestas.<br><br></div><h1>Praesent interdum ligula ac&nbsp;</h1><div><br></div><blockquote>Enim convallis, commodo feugiat magna luctus. Sed eu lobortis nulla, in interdum ex. Aliquam pellentesque commodo mollis.&nbsp;</blockquote><div><br>Interdum et malesuada fames ac ante ipsum primis in faucibus. Suspendisse arcu nisi, eleifend vel diam et, fringilla sagittis massa. Pellentesque quis lobortis quam. Morbi sit amet mi vitae risus volutpat eleifend in nec lorem. Ut diam nunc, venenatis egestas porttitor eget, rhoncus nec metus. Nam ac venenatis magna. Vestibulum at lacus nec augue finibus tempus in in dolor. In hac habitasse platea dictumst. Nunc ultricies iaculis velit, eu vulputate urna tincidunt a. Suspendisse potenti.<br><br></div><ul><li>Sed ut varius mi. Praesent nisl erat</li><li>Sodales at sagittis ac, rutrum in neque&nbsp;</li><li>Curabitur eros sapien, condimentum&nbsp;</li><li>Varius consequat vel, faucibus quis dolor.&nbsp;</li></ul><div><br></div><h1>Duis sollicitudin, ligula a sodales ultricies</h1><div><br>Odio urna varius erat, at bibendum sapien metus molestie nibh. Vivamus pharetra imperdiet aliquam. Fusce quis lectus vulputate ipsum molestie elementum a eget odio. Donec mattis risus ut nunc sollicitudin, sed imperdiet ex ultrices. Orci varius natoque penatibus et magnis dis parturient montes, nascetur ridiculus mus. Donec ac tempus ligula.</div><div><br></div><h1>Nunc iaculis mattis metus ac viverra</h1><div><br></div><div>Quisque eleifend faucibus augue, a placerat mi venenatis id. Aenean non viverra tortor. Sed erat tellus, sodales mattis nunc nec, rutrum sollicitudin ligula. In molestie, ex vel pharetra feugiat, metus sapien ultrices odio, quis posuere tortor neque at risus. Maecenas tortor risus, feugiat nec nunc a, molestie euismod lacus. Fusce sagittis risus quis magna placerat, consectetur dapibus ipsum gravida. Nam porttitor faucibus facilisis. Ut id est maximus, pretium metus sit amet, porttitor sapien. Aenean auctor dolor augue, ut vestibulum felis laoreet eu. Fusce ex lectus, scelerisque ut elementum id, auctor ut magna. Fusce ultrices, sem non sodales placerat, ipsum dui consectetur augue, non ultricies nulla libero consectetur velit.<br><br>Praesent dignissim lacinia lectus vel feugiat. Nam euismod nunc at quam volutpat, et molestie enim fringilla. Duis posuere urna vel metus ultricies convallis. <strong>Mauris blandit enim in odio dictum, a tempus lorem luctus.</strong></div><div><br></div><div><br></div><div><br></div>'),
(25,7,'Enumérations et structures',5,'https://www.youtube.com/embed/W9mn8-545QQ','<h1>Lorem ipsum dolor sit amet</h1><div><br></div><div>Consectetur adipiscing elit. Nam non nibh massa. Fusce porta cursus velit, sed vehicula mi ultrices sit amet. Proin in laoreet <em>eros</em>.&nbsp;<br><br></div><pre>def mislead(Arya){\r\n	y += ( COLS )\r\n}\r\ndef betray(Hodor){\r\n\r\n}</pre><div><br>Pellentesque bibendum felis mi, et tristique ante dignissim a. Donec metus lorem, gravida eu dignissim sed, malesuada ac velit. Quisque ultricies rhoncus diam, vel sollicitudin mi euismod non. Fusce viverra tortor eu justo tincidunt, eget mollis nunc viverra. <strong>Nullam ac sodales leo</strong>. Donec dapibus vehicula tincidunt. Proin nec nisi accumsan, feugiat ex id, faucibus diam. Nunc ac libero quis est pharetra dignissim. In hac habitasse platea dictumst. Vivamus pretium, enim sit amet ullamcorper porta, nibh odio interdum turpis, sit amet blandit urna sapien eget sem. Nulla aliquam nisl nec nunc cursus tristique. <em>Praesent</em> eu dolor eget dui volutpat interdum non in sapien.<br><br></div><h1>Nulla mollis quam sed quam posuere</h1><div><br></div><div>Nec imperdiet justo finibus. Aliquam nibh ipsum, ornare quis viverra quis, malesuada convallis lorem. Morbi mattis fringilla purus, et congue dolor pulvinar eu. Cras et lectus vitae nulla pharetra posuere. Aenean tincidunt ultricies orci eu elementum. Sed sem tellus, cursus in nisl a, laoreet congue dui. Pellentesque habitant morbi tristique senectus et netus et malesuada fames ac turpis egestas.<br><br></div><h1>Praesent interdum ligula ac&nbsp;</h1><div><br></div><blockquote>Enim convallis, commodo feugiat magna luctus. Sed eu lobortis nulla, in interdum ex. Aliquam pellentesque commodo mollis.&nbsp;</blockquote><div><br>Interdum et malesuada fames ac ante ipsum primis in faucibus. Suspendisse arcu nisi, eleifend vel diam et, fringilla sagittis massa. Pellentesque quis lobortis quam. Morbi sit amet mi vitae risus volutpat eleifend in nec lorem. Ut diam nunc, venenatis egestas porttitor eget, rhoncus nec metus. Nam ac venenatis magna. Vestibulum at lacus nec augue finibus tempus in in dolor. In hac habitasse platea dictumst. Nunc ultricies iaculis velit, eu vulputate urna tincidunt a. Suspendisse potenti.<br><br></div><ul><li>Sed ut varius mi. Praesent nisl erat</li><li>Sodales at sagittis ac, rutrum in neque&nbsp;</li><li>Curabitur eros sapien, condimentum&nbsp;</li><li>Varius consequat vel, faucibus quis dolor.&nbsp;</li></ul><div><br></div><h1>Duis sollicitudin, ligula a sodales ultricies</h1><div><br>Odio urna varius erat, at bibendum sapien metus molestie nibh. Vivamus pharetra imperdiet aliquam. Fusce quis lectus vulputate ipsum molestie elementum a eget odio. Donec mattis risus ut nunc sollicitudin, sed imperdiet ex ultrices. Orci varius natoque penatibus et magnis dis parturient montes, nascetur ridiculus mus. Donec ac tempus ligula.</div><div><br></div><h1>Nunc iaculis mattis metus ac viverra</h1><div><br></div><div>Quisque eleifend faucibus augue, a placerat mi venenatis id. Aenean non viverra tortor. Sed erat tellus, sodales mattis nunc nec, rutrum sollicitudin ligula. In molestie, ex vel pharetra feugiat, metus sapien ultrices odio, quis posuere tortor neque at risus. Maecenas tortor risus, feugiat nec nunc a, molestie euismod lacus. Fusce sagittis risus quis magna placerat, consectetur dapibus ipsum gravida. Nam porttitor faucibus facilisis. Ut id est maximus, pretium metus sit amet, porttitor sapien. Aenean auctor dolor augue, ut vestibulum felis laoreet eu. Fusce ex lectus, scelerisque ut elementum id, auctor ut magna. Fusce ultrices, sem non sodales placerat, ipsum dui consectetur augue, non ultricies nulla libero consectetur velit.<br><br>Praesent dignissim lacinia lectus vel feugiat. Nam euismod nunc at quam volutpat, et molestie enim fringilla. Duis posuere urna vel metus ultricies convallis. <strong>Mauris blandit enim in odio dictum, a tempus lorem luctus.</strong></div><div><br></div><div><br></div><div><br></div>'),
(26,7,'Protocols et extensions',6,'https://www.youtube.com/embed/W9mn8-545QQ','<h1>Lorem ipsum dolor sit amet</h1><div><br></div><div>Consectetur adipiscing elit. Nam non nibh massa. Fusce porta cursus velit, sed vehicula mi ultrices sit amet. Proin in laoreet <em>eros</em>.&nbsp;<br><br></div><pre>def mislead(Arya){\r\n	y += ( COLS )\r\n}\r\ndef betray(Hodor){\r\n\r\n}</pre><div><br>Pellentesque bibendum felis mi, et tristique ante dignissim a. Donec metus lorem, gravida eu dignissim sed, malesuada ac velit. Quisque ultricies rhoncus diam, vel sollicitudin mi euismod non. Fusce viverra tortor eu justo tincidunt, eget mollis nunc viverra. <strong>Nullam ac sodales leo</strong>. Donec dapibus vehicula tincidunt. Proin nec nisi accumsan, feugiat ex id, faucibus diam. Nunc ac libero quis est pharetra dignissim. In hac habitasse platea dictumst. Vivamus pretium, enim sit amet ullamcorper porta, nibh odio interdum turpis, sit amet blandit urna sapien eget sem. Nulla aliquam nisl nec nunc cursus tristique. <em>Praesent</em> eu dolor eget dui volutpat interdum non in sapien.<br><br></div><h1>Nulla mollis quam sed quam posuere</h1><div><br></div><div>Nec imperdiet justo finibus. Aliquam nibh ipsum, ornare quis viverra quis, malesuada convallis lorem. Morbi mattis fringilla purus, et congue dolor pulvinar eu. Cras et lectus vitae nulla pharetra posuere. Aenean tincidunt ultricies orci eu elementum. Sed sem tellus, cursus in nisl a, laoreet congue dui. Pellentesque habitant morbi tristique senectus et netus et malesuada fames ac turpis egestas.<br><br></div><h1>Praesent interdum ligula ac&nbsp;</h1><div><br></div><blockquote>Enim convallis, commodo feugiat magna luctus. Sed eu lobortis nulla, in interdum ex. Aliquam pellentesque commodo mollis.&nbsp;</blockquote><div><br>Interdum et malesuada fames ac ante ipsum primis in faucibus. Suspendisse arcu nisi, eleifend vel diam et, fringilla sagittis massa. Pellentesque quis lobortis quam. Morbi sit amet mi vitae risus volutpat eleifend in nec lorem. Ut diam nunc, venenatis egestas porttitor eget, rhoncus nec metus. Nam ac venenatis magna. Vestibulum at lacus nec augue finibus tempus in in dolor. In hac habitasse platea dictumst. Nunc ultricies iaculis velit, eu vulputate urna tincidunt a. Suspendisse potenti.<br><br></div><ul><li>Sed ut varius mi. Praesent nisl erat</li><li>Sodales at sagittis ac, rutrum in neque&nbsp;</li><li>Curabitur eros sapien, condimentum&nbsp;</li><li>Varius consequat vel, faucibus quis dolor.&nbsp;</li></ul><div><br></div><h1>Duis sollicitudin, ligula a sodales ultricies</h1><div><br>Odio urna varius erat, at bibendum sapien metus molestie nibh. Vivamus pharetra imperdiet aliquam. Fusce quis lectus vulputate ipsum molestie elementum a eget odio. Donec mattis risus ut nunc sollicitudin, sed imperdiet ex ultrices. Orci varius natoque penatibus et magnis dis parturient montes, nascetur ridiculus mus. Donec ac tempus ligula.</div><div><br></div><h1>Nunc iaculis mattis metus ac viverra</h1><div><br></div><div>Quisque eleifend faucibus augue, a placerat mi venenatis id. Aenean non viverra tortor. Sed erat tellus, sodales mattis nunc nec, rutrum sollicitudin ligula. In molestie, ex vel pharetra feugiat, metus sapien ultrices odio, quis posuere tortor neque at risus. Maecenas tortor risus, feugiat nec nunc a, molestie euismod lacus. Fusce sagittis risus quis magna placerat, consectetur dapibus ipsum gravida. Nam porttitor faucibus facilisis. Ut id est maximus, pretium metus sit amet, porttitor sapien. Aenean auctor dolor augue, ut vestibulum felis laoreet eu. Fusce ex lectus, scelerisque ut elementum id, auctor ut magna. Fusce ultrices, sem non sodales placerat, ipsum dui consectetur augue, non ultricies nulla libero consectetur velit.<br><br>Praesent dignissim lacinia lectus vel feugiat. Nam euismod nunc at quam volutpat, et molestie enim fringilla. Duis posuere urna vel metus ultricies convallis. <strong>Mauris blandit enim in odio dictum, a tempus lorem luctus.</strong></div><div><br></div><div><br></div><div><br></div>'),
(27,8,'Créer et combiner des vues',1,'https://www.youtube.com/embed/W9mn8-545QQ','<h1>Lorem ipsum dolor sit amet</h1><div><br></div><div>Consectetur adipiscing elit. Nam non nibh massa. Fusce porta cursus velit, sed vehicula mi ultrices sit amet. Proin in laoreet <em>eros</em>. Pellentesque bibendum felis mi, et tristique ante dignissim a. Donec metus lorem, gravida eu dignissim sed, malesuada ac velit. Quisque ultricies rhoncus diam, vel sollicitudin mi euismod non. Fusce viverra tortor eu justo tincidunt, eget mollis nunc viverra. <strong>Nullam ac sodales leo</strong>. Donec dapibus vehicula tincidunt. Proin nec nisi accumsan, feugiat ex id, faucibus diam. Nunc ac libero quis est pharetra dignissim. In hac habitasse platea dictumst. Vivamus pretium, enim sit amet ullamcorper porta, nibh odio interdum turpis, sit amet blandit urna sapien eget sem. Nulla aliquam nisl nec nunc cursus tristique. <em>Praesent</em> eu dolor eget dui volutpat interdum non in sapien.<br><br></div><h1>Nulla mollis quam sed quam posuere</h1><div><br></div><div>Nec imperdiet justo finibus. Aliquam nibh ipsum, ornare quis viverra quis, malesuada convallis lorem. Morbi mattis fringilla purus, et congue dolor pulvinar eu. Cras et lectus vitae nulla pharetra posuere. Aenean tincidunt ultricies orci eu elementum. Sed sem tellus, cursus in nisl a, laoreet congue dui. Pellentesque habitant morbi tristique senectus et netus et malesuada fames ac turpis egestas.<br><br></div><h1>Praesent interdum ligula ac&nbsp;</h1><div><br></div><blockquote>Enim convallis, commodo feugiat magna luctus. Sed eu lobortis nulla, in interdum ex. Aliquam pellentesque commodo mollis.&nbsp;</blockquote><div><br>Interdum et malesuada fames ac ante ipsum primis in faucibus. Suspendisse arcu nisi, eleifend vel diam et, fringilla sagittis massa. Pellentesque quis lobortis quam. Morbi sit amet mi vitae risus volutpat eleifend in nec lorem. Ut diam nunc, venenatis egestas porttitor eget, rhoncus nec metus. Nam ac venenatis magna. Vestibulum at lacus nec augue finibus tempus in in dolor. In hac habitasse platea dictumst. Nunc ultricies iaculis velit, eu vulputate urna tincidunt a. Suspendisse potenti.<br><br></div><ul><li>Sed ut varius mi. Praesent nisl erat</li><li>Sodales at sagittis ac, rutrum in neque&nbsp;</li><li>Curabitur eros sapien, condimentum&nbsp;</li><li>Varius consequat vel, faucibus quis dolor.&nbsp;</li></ul><div><br></div><h1>Duis sollicitudin, ligula a sodales ultricies</h1><div><br>Odio urna varius erat, at bibendum sapien metus molestie nibh. Vivamus pharetra imperdiet aliquam. Fusce quis lectus vulputate ipsum molestie elementum a eget odio. Donec mattis risus ut nunc sollicitudin, sed imperdiet ex ultrices. Orci varius natoque penatibus et magnis dis parturient montes, nascetur ridiculus mus. Donec ac tempus ligula.</div><div><br></div><h1>Nunc iaculis mattis metus ac viverra</h1><div><br></div><div>Quisque eleifend faucibus augue, a placerat mi venenatis id. Aenean non viverra tortor. Sed erat tellus, sodales mattis nunc nec, rutrum sollicitudin ligula. In molestie, ex vel pharetra feugiat, metus sapien ultrices odio, quis posuere tortor neque at risus. Maecenas tortor risus, feugiat nec nunc a, molestie euismod lacus. Fusce sagittis risus quis magna placerat, consectetur dapibus ipsum gravida. Nam porttitor faucibus facilisis. Ut id est maximus, pretium metus sit amet, porttitor sapien. Aenean auctor dolor augue, ut vestibulum felis laoreet eu. Fusce ex lectus, scelerisque ut elementum id, auctor ut magna. Fusce ultrices, sem non sodales placerat, ipsum dui consectetur augue, non ultricies nulla libero consectetur velit.<br><br>Praesent dignissim lacinia lectus vel feugiat. Nam euismod nunc at quam volutpat, et molestie enim fringilla. Duis posuere urna vel metus ultricies convallis. <strong>Mauris blandit enim in odio dictum, a tempus lorem luctus.</strong></div><div><br></div><div><br></div>'),
(28,8,'Créer des listes et naviguer',2,'https://www.youtube.com/embed/W9mn8-545QQ','<h1>Lorem ipsum dolor sit amet</h1><div><br></div><div>Consectetur adipiscing elit. Nam non nibh massa. Fusce porta cursus velit, sed vehicula mi ultrices sit amet. Proin in laoreet <em>eros</em>. Pellentesque bibendum felis mi, et tristique ante dignissim a. Donec metus lorem, gravida eu dignissim sed, malesuada ac velit. Quisque ultricies rhoncus diam, vel sollicitudin mi euismod non. Fusce viverra tortor eu justo tincidunt, eget mollis nunc viverra. <strong>Nullam ac sodales leo</strong>. Donec dapibus vehicula tincidunt. Proin nec nisi accumsan, feugiat ex id, faucibus diam. Nunc ac libero quis est pharetra dignissim. In hac habitasse platea dictumst. Vivamus pretium, enim sit amet ullamcorper porta, nibh odio interdum turpis, sit amet blandit urna sapien eget sem. Nulla aliquam nisl nec nunc cursus tristique. <em>Praesent</em> eu dolor eget dui volutpat interdum non in sapien.<br><br></div><h1>Nulla mollis quam sed quam posuere</h1><div><br></div><div>Nec imperdiet justo finibus. Aliquam nibh ipsum, ornare quis viverra quis, malesuada convallis lorem. Morbi mattis fringilla purus, et congue dolor pulvinar eu. Cras et lectus vitae nulla pharetra posuere. Aenean tincidunt ultricies orci eu elementum. Sed sem tellus, cursus in nisl a, laoreet congue dui. Pellentesque habitant morbi tristique senectus et netus et malesuada fames ac turpis egestas.<br><br></div><h1>Praesent interdum ligula ac&nbsp;</h1><div><br></div><blockquote>Enim convallis, commodo feugiat magna luctus. Sed eu lobortis nulla, in interdum ex. Aliquam pellentesque commodo mollis.&nbsp;</blockquote><div><br>Interdum et malesuada fames ac ante ipsum primis in faucibus. Suspendisse arcu nisi, eleifend vel diam et, fringilla sagittis massa. Pellentesque quis lobortis quam. Morbi sit amet mi vitae risus volutpat eleifend in nec lorem. Ut diam nunc, venenatis egestas porttitor eget, rhoncus nec metus. Nam ac venenatis magna. Vestibulum at lacus nec augue finibus tempus in in dolor. In hac habitasse platea dictumst. Nunc ultricies iaculis velit, eu vulputate urna tincidunt a. Suspendisse potenti.<br><br></div><ul><li>Sed ut varius mi. Praesent nisl erat</li><li>Sodales at sagittis ac, rutrum in neque&nbsp;</li><li>Curabitur eros sapien, condimentum&nbsp;</li><li>Varius consequat vel, faucibus quis dolor.&nbsp;</li></ul><div><br></div><h1>Duis sollicitudin, ligula a sodales ultricies</h1><div><br>Odio urna varius erat, at bibendum sapien metus molestie nibh. Vivamus pharetra imperdiet aliquam. Fusce quis lectus vulputate ipsum molestie elementum a eget odio. Donec mattis risus ut nunc sollicitudin, sed imperdiet ex ultrices. Orci varius natoque penatibus et magnis dis parturient montes, nascetur ridiculus mus. Donec ac tempus ligula.</div><div><br></div><h1>Nunc iaculis mattis metus ac viverra</h1><div><br></div><div>Quisque eleifend faucibus augue, a placerat mi venenatis id. Aenean non viverra tortor. Sed erat tellus, sodales mattis nunc nec, rutrum sollicitudin ligula. In molestie, ex vel pharetra feugiat, metus sapien ultrices odio, quis posuere tortor neque at risus. Maecenas tortor risus, feugiat nec nunc a, molestie euismod lacus. Fusce sagittis risus quis magna placerat, consectetur dapibus ipsum gravida. Nam porttitor faucibus facilisis. Ut id est maximus, pretium metus sit amet, porttitor sapien. Aenean auctor dolor augue, ut vestibulum felis laoreet eu. Fusce ex lectus, scelerisque ut elementum id, auctor ut magna. Fusce ultrices, sem non sodales placerat, ipsum dui consectetur augue, non ultricies nulla libero consectetur velit.<br><br>Praesent dignissim lacinia lectus vel feugiat. Nam euismod nunc at quam volutpat, et molestie enim fringilla. Duis posuere urna vel metus ultricies convallis. <strong>Mauris blandit enim in odio dictum, a tempus lorem luctus.</strong></div><div><br></div><div><br></div>'),
(29,8,'Interagir avec l\'utilisateur',3,'https://www.youtube.com/embed/W9mn8-545QQ','<h1>Lorem ipsum dolor sit amet</h1><div><br></div><div>Consectetur adipiscing elit. Nam non nibh massa. Fusce porta cursus velit, sed vehicula mi ultrices sit amet. Proin in laoreet <em>eros</em>. Pellentesque bibendum felis mi, et tristique ante dignissim a. Donec metus lorem, gravida eu dignissim sed, malesuada ac velit. Quisque ultricies rhoncus diam, vel sollicitudin mi euismod non. Fusce viverra tortor eu justo tincidunt, eget mollis nunc viverra. <strong>Nullam ac sodales leo</strong>. Donec dapibus vehicula tincidunt. Proin nec nisi accumsan, feugiat ex id, faucibus diam. Nunc ac libero quis est pharetra dignissim. In hac habitasse platea dictumst. Vivamus pretium, enim sit amet ullamcorper porta, nibh odio interdum turpis, sit amet blandit urna sapien eget sem. Nulla aliquam nisl nec nunc cursus tristique. <em>Praesent</em> eu dolor eget dui volutpat interdum non in sapien.<br><br></div><h1>Nulla mollis quam sed quam posuere</h1><div><br></div><div>Nec imperdiet justo finibus. Aliquam nibh ipsum, ornare quis viverra quis, malesuada convallis lorem. Morbi mattis fringilla purus, et congue dolor pulvinar eu. Cras et lectus vitae nulla pharetra posuere. Aenean tincidunt ultricies orci eu elementum. Sed sem tellus, cursus in nisl a, laoreet congue dui. Pellentesque habitant morbi tristique senectus et netus et malesuada fames ac turpis egestas.<br><br></div><h1>Praesent interdum ligula ac&nbsp;</h1><div><br></div><blockquote>Enim convallis, commodo feugiat magna luctus. Sed eu lobortis nulla, in interdum ex. Aliquam pellentesque commodo mollis.&nbsp;</blockquote><div><br>Interdum et malesuada fames ac ante ipsum primis in faucibus. Suspendisse arcu nisi, eleifend vel diam et, fringilla sagittis massa. Pellentesque quis lobortis quam. Morbi sit amet mi vitae risus volutpat eleifend in nec lorem. Ut diam nunc, venenatis egestas porttitor eget, rhoncus nec metus. Nam ac venenatis magna. Vestibulum at lacus nec augue finibus tempus in in dolor. In hac habitasse platea dictumst. Nunc ultricies iaculis velit, eu vulputate urna tincidunt a. Suspendisse potenti.<br><br></div><ul><li>Sed ut varius mi. Praesent nisl erat</li><li>Sodales at sagittis ac, rutrum in neque&nbsp;</li><li>Curabitur eros sapien, condimentum&nbsp;</li><li>Varius consequat vel, faucibus quis dolor.&nbsp;</li></ul><div><br></div><h1>Duis sollicitudin, ligula a sodales ultricies</h1><div><br>Odio urna varius erat, at bibendum sapien metus molestie nibh. Vivamus pharetra imperdiet aliquam. Fusce quis lectus vulputate ipsum molestie elementum a eget odio. Donec mattis risus ut nunc sollicitudin, sed imperdiet ex ultrices. Orci varius natoque penatibus et magnis dis parturient montes, nascetur ridiculus mus. Donec ac tempus ligula.</div><div><br></div><h1>Nunc iaculis mattis metus ac viverra</h1><div><br></div><div>Quisque eleifend faucibus augue, a placerat mi venenatis id. Aenean non viverra tortor. Sed erat tellus, sodales mattis nunc nec, rutrum sollicitudin ligula. In molestie, ex vel pharetra feugiat, metus sapien ultrices odio, quis posuere tortor neque at risus. Maecenas tortor risus, feugiat nec nunc a, molestie euismod lacus. Fusce sagittis risus quis magna placerat, consectetur dapibus ipsum gravida. Nam porttitor faucibus facilisis. Ut id est maximus, pretium metus sit amet, porttitor sapien. Aenean auctor dolor augue, ut vestibulum felis laoreet eu. Fusce ex lectus, scelerisque ut elementum id, auctor ut magna. Fusce ultrices, sem non sodales placerat, ipsum dui consectetur augue, non ultricies nulla libero consectetur velit.<br><br>Praesent dignissim lacinia lectus vel feugiat. Nam euismod nunc at quam volutpat, et molestie enim fringilla. Duis posuere urna vel metus ultricies convallis. <strong>Mauris blandit enim in odio dictum, a tempus lorem luctus.</strong></div><div><br></div><div><br></div>'),
(30,9,'Les grands principes',1,'https://www.youtube.com/embed/790WTNgg-78','<h1>Lorem ipsum dolor sit amet</h1><div><br></div><div>Consectetur adipiscing elit. Nam non nibh massa. Fusce porta cursus velit, sed vehicula mi ultrices sit amet. Proin in laoreet <em>eros</em>. Pellentesque bibendum felis mi, et tristique ante dignissim a. Donec metus lorem, gravida eu dignissim sed, malesuada ac velit. Quisque ultricies rhoncus diam, vel sollicitudin mi euismod non. Fusce viverra tortor eu justo tincidunt, eget mollis nunc viverra. <strong>Nullam ac sodales leo</strong>. Donec dapibus vehicula tincidunt. Proin nec nisi accumsan, feugiat ex id, faucibus diam. Nunc ac libero quis est pharetra dignissim. In hac habitasse platea dictumst. Vivamus pretium, enim sit amet ullamcorper porta, nibh odio interdum turpis, sit amet blandit urna sapien eget sem. Nulla aliquam nisl nec nunc cursus tristique. <em>Praesent</em> eu dolor eget dui volutpat interdum non in sapien.<br><br></div><h1>Nulla mollis quam sed quam posuere</h1><div><br></div><div>Nec imperdiet justo finibus. Aliquam nibh ipsum, ornare quis viverra quis, malesuada convallis lorem. Morbi mattis fringilla purus, et congue dolor pulvinar eu. Cras et lectus vitae nulla pharetra posuere. Aenean tincidunt ultricies orci eu elementum. Sed sem tellus, cursus in nisl a, laoreet congue dui. Pellentesque habitant morbi tristique senectus et netus et malesuada fames ac turpis egestas.<br><br></div><h1>Praesent interdum ligula ac&nbsp;</h1><div><br></div><blockquote>Enim convallis, commodo feugiat magna luctus. Sed eu lobortis nulla, in interdum ex. Aliquam pellentesque commodo mollis.&nbsp;</blockquote><div><br>Interdum et malesuada fames ac ante ipsum primis in faucibus. Suspendisse arcu nisi, eleifend vel diam et, fringilla sagittis massa. Pellentesque quis lobortis quam. Morbi sit amet mi vitae risus volutpat eleifend in nec lorem. Ut diam nunc, venenatis egestas porttitor eget, rhoncus nec metus. Nam ac venenatis magna. Vestibulum at lacus nec augue finibus tempus in in dolor. In hac habitasse platea dictumst. Nunc ultricies iaculis velit, eu vulputate urna tincidunt a. Suspendisse potenti.<br><br></div><ul><li>Sed ut varius mi. Praesent nisl erat</li><li>Sodales at sagittis ac, rutrum in neque&nbsp;</li><li>Curabitur eros sapien, condimentum&nbsp;</li><li>Varius consequat vel, faucibus quis dolor.&nbsp;</li></ul><div><br></div><h1>Duis sollicitudin, ligula a sodales ultricies</h1><div><br>Odio urna varius erat, at bibendum sapien metus molestie nibh. Vivamus pharetra imperdiet aliquam. Fusce quis lectus vulputate ipsum molestie elementum a eget odio. Donec mattis risus ut nunc sollicitudin, sed imperdiet ex ultrices. Orci varius natoque penatibus et magnis dis parturient montes, nascetur ridiculus mus. Donec ac tempus ligula.</div><div><br></div><h1>Nunc iaculis mattis metus ac viverra</h1><div><br></div><div>Quisque eleifend faucibus augue, a placerat mi venenatis id. Aenean non viverra tortor. Sed erat tellus, sodales mattis nunc nec, rutrum sollicitudin ligula. In molestie, ex vel pharetra feugiat, metus sapien ultrices odio, quis posuere tortor neque at risus. Maecenas tortor risus, feugiat nec nunc a, molestie euismod lacus. Fusce sagittis risus quis magna placerat, consectetur dapibus ipsum gravida. Nam porttitor faucibus facilisis. Ut id est maximus, pretium metus sit amet, porttitor sapien. Aenean auctor dolor augue, ut vestibulum felis laoreet eu. Fusce ex lectus, scelerisque ut elementum id, auctor ut magna. Fusce ultrices, sem non sodales placerat, ipsum dui consectetur augue, non ultricies nulla libero consectetur velit.<br><br>Praesent dignissim lacinia lectus vel feugiat. Nam euismod nunc at quam volutpat, et molestie enim fringilla. Duis posuere urna vel metus ultricies convallis. <strong>Mauris blandit enim in odio dictum, a tempus lorem luctus.</strong></div><div><br></div><div><br></div><div><br></div>'),
(31,9,'Les principaux avantages',2,'https://www.youtube.com/embed/790WTNgg-78','<h1>Lorem ipsum dolor sit amet</h1><div><br></div><div>Consectetur adipiscing elit. Nam non nibh massa. Fusce porta cursus velit, sed vehicula mi ultrices sit amet. Proin in laoreet <em>eros</em>. Pellentesque bibendum felis mi, et tristique ante dignissim a. Donec metus lorem, gravida eu dignissim sed, malesuada ac velit. Quisque ultricies rhoncus diam, vel sollicitudin mi euismod non. Fusce viverra tortor eu justo tincidunt, eget mollis nunc viverra. <strong>Nullam ac sodales leo</strong>. Donec dapibus vehicula tincidunt. Proin nec nisi accumsan, feugiat ex id, faucibus diam. Nunc ac libero quis est pharetra dignissim. In hac habitasse platea dictumst. Vivamus pretium, enim sit amet ullamcorper porta, nibh odio interdum turpis, sit amet blandit urna sapien eget sem. Nulla aliquam nisl nec nunc cursus tristique. <em>Praesent</em> eu dolor eget dui volutpat interdum non in sapien.<br><br></div><h1>Nulla mollis quam sed quam posuere</h1><div><br></div><div>Nec imperdiet justo finibus. Aliquam nibh ipsum, ornare quis viverra quis, malesuada convallis lorem. Morbi mattis fringilla purus, et congue dolor pulvinar eu. Cras et lectus vitae nulla pharetra posuere. Aenean tincidunt ultricies orci eu elementum. Sed sem tellus, cursus in nisl a, laoreet congue dui. Pellentesque habitant morbi tristique senectus et netus et malesuada fames ac turpis egestas.<br><br></div><h1>Praesent interdum ligula ac&nbsp;</h1><div><br></div><blockquote>Enim convallis, commodo feugiat magna luctus. Sed eu lobortis nulla, in interdum ex. Aliquam pellentesque commodo mollis.&nbsp;</blockquote><div><br>Interdum et malesuada fames ac ante ipsum primis in faucibus. Suspendisse arcu nisi, eleifend vel diam et, fringilla sagittis massa. Pellentesque quis lobortis quam. Morbi sit amet mi vitae risus volutpat eleifend in nec lorem. Ut diam nunc, venenatis egestas porttitor eget, rhoncus nec metus. Nam ac venenatis magna. Vestibulum at lacus nec augue finibus tempus in in dolor. In hac habitasse platea dictumst. Nunc ultricies iaculis velit, eu vulputate urna tincidunt a. Suspendisse potenti.<br><br></div><ul><li>Sed ut varius mi. Praesent nisl erat</li><li>Sodales at sagittis ac, rutrum in neque&nbsp;</li><li>Curabitur eros sapien, condimentum&nbsp;</li><li>Varius consequat vel, faucibus quis dolor.&nbsp;</li></ul><div><br></div><h1>Duis sollicitudin, ligula a sodales ultricies</h1><div><br>Odio urna varius erat, at bibendum sapien metus molestie nibh. Vivamus pharetra imperdiet aliquam. Fusce quis lectus vulputate ipsum molestie elementum a eget odio. Donec mattis risus ut nunc sollicitudin, sed imperdiet ex ultrices. Orci varius natoque penatibus et magnis dis parturient montes, nascetur ridiculus mus. Donec ac tempus ligula.</div><div><br></div><h1>Nunc iaculis mattis metus ac viverra</h1><div><br></div><div>Quisque eleifend faucibus augue, a placerat mi venenatis id. Aenean non viverra tortor. Sed erat tellus, sodales mattis nunc nec, rutrum sollicitudin ligula. In molestie, ex vel pharetra feugiat, metus sapien ultrices odio, quis posuere tortor neque at risus. Maecenas tortor risus, feugiat nec nunc a, molestie euismod lacus. Fusce sagittis risus quis magna placerat, consectetur dapibus ipsum gravida. Nam porttitor faucibus facilisis. Ut id est maximus, pretium metus sit amet, porttitor sapien. Aenean auctor dolor augue, ut vestibulum felis laoreet eu. Fusce ex lectus, scelerisque ut elementum id, auctor ut magna. Fusce ultrices, sem non sodales placerat, ipsum dui consectetur augue, non ultricies nulla libero consectetur velit.<br><br>Praesent dignissim lacinia lectus vel feugiat. Nam euismod nunc at quam volutpat, et molestie enim fringilla. Duis posuere urna vel metus ultricies convallis. <strong>Mauris blandit enim in odio dictum, a tempus lorem luctus.</strong></div><div><br></div><div><br></div><div><br></div>'),
(32,10,'Un hébergement vert',1,'https://www.youtube.com/embed/790WTNgg-78','<h1>Lorem ipsum dolor sit amet</h1><div><br></div><div>Consectetur adipiscing elit. Nam non nibh massa. Fusce porta cursus velit, sed vehicula mi ultrices sit amet. Proin in laoreet <em>eros</em>. Pellentesque bibendum felis mi, et tristique ante dignissim a. Donec metus lorem, gravida eu dignissim sed, malesuada ac velit. Quisque ultricies rhoncus diam, vel sollicitudin mi euismod non. Fusce viverra tortor eu justo tincidunt, eget mollis nunc viverra. <strong>Nullam ac sodales leo</strong>. Donec dapibus vehicula tincidunt. Proin nec nisi accumsan, feugiat ex id, faucibus diam. Nunc ac libero quis est pharetra dignissim. In hac habitasse platea dictumst. Vivamus pretium, enim sit amet ullamcorper porta, nibh odio interdum turpis, sit amet blandit urna sapien eget sem. Nulla aliquam nisl nec nunc cursus tristique. <em>Praesent</em> eu dolor eget dui volutpat interdum non in sapien.<br><br></div><h1>Nulla mollis quam sed quam posuere</h1><div><br></div><div>Nec imperdiet justo finibus. Aliquam nibh ipsum, ornare quis viverra quis, malesuada convallis lorem. Morbi mattis fringilla purus, et congue dolor pulvinar eu. Cras et lectus vitae nulla pharetra posuere. Aenean tincidunt ultricies orci eu elementum. Sed sem tellus, cursus in nisl a, laoreet congue dui. Pellentesque habitant morbi tristique senectus et netus et malesuada fames ac turpis egestas.<br><br></div><h1>Praesent interdum ligula ac&nbsp;</h1><div><br></div><blockquote>Enim convallis, commodo feugiat magna luctus. Sed eu lobortis nulla, in interdum ex. Aliquam pellentesque commodo mollis.&nbsp;</blockquote><div><br>Interdum et malesuada fames ac ante ipsum primis in faucibus. Suspendisse arcu nisi, eleifend vel diam et, fringilla sagittis massa. Pellentesque quis lobortis quam. Morbi sit amet mi vitae risus volutpat eleifend in nec lorem. Ut diam nunc, venenatis egestas porttitor eget, rhoncus nec metus. Nam ac venenatis magna. Vestibulum at lacus nec augue finibus tempus in in dolor. In hac habitasse platea dictumst. Nunc ultricies iaculis velit, eu vulputate urna tincidunt a. Suspendisse potenti.<br><br></div><ul><li>Sed ut varius mi. Praesent nisl erat</li><li>Sodales at sagittis ac, rutrum in neque&nbsp;</li><li>Curabitur eros sapien, condimentum&nbsp;</li><li>Varius consequat vel, faucibus quis dolor.&nbsp;</li></ul><div><br></div><h1>Duis sollicitudin, ligula a sodales ultricies</h1><div><br>Odio urna varius erat, at bibendum sapien metus molestie nibh. Vivamus pharetra imperdiet aliquam. Fusce quis lectus vulputate ipsum molestie elementum a eget odio. Donec mattis risus ut nunc sollicitudin, sed imperdiet ex ultrices. Orci varius natoque penatibus et magnis dis parturient montes, nascetur ridiculus mus. Donec ac tempus ligula.</div><div><br></div><h1>Nunc iaculis mattis metus ac viverra</h1><div><br></div><div>Quisque eleifend faucibus augue, a placerat mi venenatis id. Aenean non viverra tortor. Sed erat tellus, sodales mattis nunc nec, rutrum sollicitudin ligula. In molestie, ex vel pharetra feugiat, metus sapien ultrices odio, quis posuere tortor neque at risus. Maecenas tortor risus, feugiat nec nunc a, molestie euismod lacus. Fusce sagittis risus quis magna placerat, consectetur dapibus ipsum gravida. Nam porttitor faucibus facilisis. Ut id est maximus, pretium metus sit amet, porttitor sapien. Aenean auctor dolor augue, ut vestibulum felis laoreet eu. Fusce ex lectus, scelerisque ut elementum id, auctor ut magna. Fusce ultrices, sem non sodales placerat, ipsum dui consectetur augue, non ultricies nulla libero consectetur velit.<br><br>Praesent dignissim lacinia lectus vel feugiat. Nam euismod nunc at quam volutpat, et molestie enim fringilla. Duis posuere urna vel metus ultricies convallis. <strong>Mauris blandit enim in odio dictum, a tempus lorem luctus.</strong></div><div><br></div><div><br></div><div><br></div><div><br></div>'),
(33,10,'Une technologie économe',2,'https://www.youtube.com/embed/790WTNgg-78','<h1>Lorem ipsum dolor sit amet</h1><div><br></div><div>Consectetur adipiscing elit. Nam non nibh massa. Fusce porta cursus velit, sed vehicula mi ultrices sit amet. Proin in laoreet <em>eros</em>. Pellentesque bibendum felis mi, et tristique ante dignissim a. Donec metus lorem, gravida eu dignissim sed, malesuada ac velit. Quisque ultricies rhoncus diam, vel sollicitudin mi euismod non. Fusce viverra tortor eu justo tincidunt, eget mollis nunc viverra. <strong>Nullam ac sodales leo</strong>. Donec dapibus vehicula tincidunt. Proin nec nisi accumsan, feugiat ex id, faucibus diam. Nunc ac libero quis est pharetra dignissim. In hac habitasse platea dictumst. Vivamus pretium, enim sit amet ullamcorper porta, nibh odio interdum turpis, sit amet blandit urna sapien eget sem. Nulla aliquam nisl nec nunc cursus tristique. <em>Praesent</em> eu dolor eget dui volutpat interdum non in sapien.<br><br></div><h1>Nulla mollis quam sed quam posuere</h1><div><br></div><div>Nec imperdiet justo finibus. Aliquam nibh ipsum, ornare quis viverra quis, malesuada convallis lorem. Morbi mattis fringilla purus, et congue dolor pulvinar eu. Cras et lectus vitae nulla pharetra posuere. Aenean tincidunt ultricies orci eu elementum. Sed sem tellus, cursus in nisl a, laoreet congue dui. Pellentesque habitant morbi tristique senectus et netus et malesuada fames ac turpis egestas.<br><br></div><h1>Praesent interdum ligula ac&nbsp;</h1><div><br></div><blockquote>Enim convallis, commodo feugiat magna luctus. Sed eu lobortis nulla, in interdum ex. Aliquam pellentesque commodo mollis.&nbsp;</blockquote><div><br>Interdum et malesuada fames ac ante ipsum primis in faucibus. Suspendisse arcu nisi, eleifend vel diam et, fringilla sagittis massa. Pellentesque quis lobortis quam. Morbi sit amet mi vitae risus volutpat eleifend in nec lorem. Ut diam nunc, venenatis egestas porttitor eget, rhoncus nec metus. Nam ac venenatis magna. Vestibulum at lacus nec augue finibus tempus in in dolor. In hac habitasse platea dictumst. Nunc ultricies iaculis velit, eu vulputate urna tincidunt a. Suspendisse potenti.<br><br></div><ul><li>Sed ut varius mi. Praesent nisl erat</li><li>Sodales at sagittis ac, rutrum in neque&nbsp;</li><li>Curabitur eros sapien, condimentum&nbsp;</li><li>Varius consequat vel, faucibus quis dolor.&nbsp;</li></ul><div><br></div><h1>Duis sollicitudin, ligula a sodales ultricies</h1><div><br>Odio urna varius erat, at bibendum sapien metus molestie nibh. Vivamus pharetra imperdiet aliquam. Fusce quis lectus vulputate ipsum molestie elementum a eget odio. Donec mattis risus ut nunc sollicitudin, sed imperdiet ex ultrices. Orci varius natoque penatibus et magnis dis parturient montes, nascetur ridiculus mus. Donec ac tempus ligula.</div><div><br></div><h1>Nunc iaculis mattis metus ac viverra</h1><div><br></div><div>Quisque eleifend faucibus augue, a placerat mi venenatis id. Aenean non viverra tortor. Sed erat tellus, sodales mattis nunc nec, rutrum sollicitudin ligula. In molestie, ex vel pharetra feugiat, metus sapien ultrices odio, quis posuere tortor neque at risus. Maecenas tortor risus, feugiat nec nunc a, molestie euismod lacus. Fusce sagittis risus quis magna placerat, consectetur dapibus ipsum gravida. Nam porttitor faucibus facilisis. Ut id est maximus, pretium metus sit amet, porttitor sapien. Aenean auctor dolor augue, ut vestibulum felis laoreet eu. Fusce ex lectus, scelerisque ut elementum id, auctor ut magna. Fusce ultrices, sem non sodales placerat, ipsum dui consectetur augue, non ultricies nulla libero consectetur velit.<br><br>Praesent dignissim lacinia lectus vel feugiat. Nam euismod nunc at quam volutpat, et molestie enim fringilla. Duis posuere urna vel metus ultricies convallis. <strong>Mauris blandit enim in odio dictum, a tempus lorem luctus.</strong></div><div><br></div><div><br></div><div><br></div><div><br></div><div><br></div>'),
(34,10,'Un design épuré',3,'https://www.youtube.com/embed/790WTNgg-78','<h1>Lorem ipsum dolor sit amet</h1><div><br></div><div>Consectetur adipiscing elit. Nam non nibh massa. Fusce porta cursus velit, sed vehicula mi ultrices sit amet. Proin in laoreet <em>eros</em>. Pellentesque bibendum felis mi, et tristique ante dignissim a. Donec metus lorem, gravida eu dignissim sed, malesuada ac velit. Quisque ultricies rhoncus diam, vel sollicitudin mi euismod non. Fusce viverra tortor eu justo tincidunt, eget mollis nunc viverra. <strong>Nullam ac sodales leo</strong>. Donec dapibus vehicula tincidunt. Proin nec nisi accumsan, feugiat ex id, faucibus diam. Nunc ac libero quis est pharetra dignissim. In hac habitasse platea dictumst. Vivamus pretium, enim sit amet ullamcorper porta, nibh odio interdum turpis, sit amet blandit urna sapien eget sem. Nulla aliquam nisl nec nunc cursus tristique. <em>Praesent</em> eu dolor eget dui volutpat interdum non in sapien.<br><br></div><h1>Nulla mollis quam sed quam posuere</h1><div><br></div><div>Nec imperdiet justo finibus. Aliquam nibh ipsum, ornare quis viverra quis, malesuada convallis lorem. Morbi mattis fringilla purus, et congue dolor pulvinar eu. Cras et lectus vitae nulla pharetra posuere. Aenean tincidunt ultricies orci eu elementum. Sed sem tellus, cursus in nisl a, laoreet congue dui. Pellentesque habitant morbi tristique senectus et netus et malesuada fames ac turpis egestas.<br><br></div><h1>Praesent interdum ligula ac&nbsp;</h1><div><br></div><blockquote>Enim convallis, commodo feugiat magna luctus. Sed eu lobortis nulla, in interdum ex. Aliquam pellentesque commodo mollis.&nbsp;</blockquote><div><br>Interdum et malesuada fames ac ante ipsum primis in faucibus. Suspendisse arcu nisi, eleifend vel diam et, fringilla sagittis massa. Pellentesque quis lobortis quam. Morbi sit amet mi vitae risus volutpat eleifend in nec lorem. Ut diam nunc, venenatis egestas porttitor eget, rhoncus nec metus. Nam ac venenatis magna. Vestibulum at lacus nec augue finibus tempus in in dolor. In hac habitasse platea dictumst. Nunc ultricies iaculis velit, eu vulputate urna tincidunt a. Suspendisse potenti.<br><br></div><ul><li>Sed ut varius mi. Praesent nisl erat</li><li>Sodales at sagittis ac, rutrum in neque&nbsp;</li><li>Curabitur eros sapien, condimentum&nbsp;</li><li>Varius consequat vel, faucibus quis dolor.&nbsp;</li></ul><div><br></div><h1>Duis sollicitudin, ligula a sodales ultricies</h1><div><br>Odio urna varius erat, at bibendum sapien metus molestie nibh. Vivamus pharetra imperdiet aliquam. Fusce quis lectus vulputate ipsum molestie elementum a eget odio. Donec mattis risus ut nunc sollicitudin, sed imperdiet ex ultrices. Orci varius natoque penatibus et magnis dis parturient montes, nascetur ridiculus mus. Donec ac tempus ligula.</div><div><br></div><h1>Nunc iaculis mattis metus ac viverra</h1><div><br></div><div>Quisque eleifend faucibus augue, a placerat mi venenatis id. Aenean non viverra tortor. Sed erat tellus, sodales mattis nunc nec, rutrum sollicitudin ligula. In molestie, ex vel pharetra feugiat, metus sapien ultrices odio, quis posuere tortor neque at risus. Maecenas tortor risus, feugiat nec nunc a, molestie euismod lacus. Fusce sagittis risus quis magna placerat, consectetur dapibus ipsum gravida. Nam porttitor faucibus facilisis. Ut id est maximus, pretium metus sit amet, porttitor sapien. Aenean auctor dolor augue, ut vestibulum felis laoreet eu. Fusce ex lectus, scelerisque ut elementum id, auctor ut magna. Fusce ultrices, sem non sodales placerat, ipsum dui consectetur augue, non ultricies nulla libero consectetur velit.<br><br>Praesent dignissim lacinia lectus vel feugiat. Nam euismod nunc at quam volutpat, et molestie enim fringilla. Duis posuere urna vel metus ultricies convallis. <strong>Mauris blandit enim in odio dictum, a tempus lorem luctus.</strong></div><div><br></div><div><br></div><div><br></div><div><br></div><div><br></div>'),
(35,10,'Des fonctionnalités utiles',4,'https://www.youtube.com/embed/790WTNgg-78','<h1>Lorem ipsum dolor sit amet</h1><div><br></div><div>Consectetur adipiscing elit. Nam non nibh massa. Fusce porta cursus velit, sed vehicula mi ultrices sit amet. Proin in laoreet <em>eros</em>. Pellentesque bibendum felis mi, et tristique ante dignissim a. Donec metus lorem, gravida eu dignissim sed, malesuada ac velit. Quisque ultricies rhoncus diam, vel sollicitudin mi euismod non. Fusce viverra tortor eu justo tincidunt, eget mollis nunc viverra. <strong>Nullam ac sodales leo</strong>. Donec dapibus vehicula tincidunt. Proin nec nisi accumsan, feugiat ex id, faucibus diam. Nunc ac libero quis est pharetra dignissim. In hac habitasse platea dictumst. Vivamus pretium, enim sit amet ullamcorper porta, nibh odio interdum turpis, sit amet blandit urna sapien eget sem. Nulla aliquam nisl nec nunc cursus tristique. <em>Praesent</em> eu dolor eget dui volutpat interdum non in sapien.<br><br></div><h1>Nulla mollis quam sed quam posuere</h1><div><br></div><div>Nec imperdiet justo finibus. Aliquam nibh ipsum, ornare quis viverra quis, malesuada convallis lorem. Morbi mattis fringilla purus, et congue dolor pulvinar eu. Cras et lectus vitae nulla pharetra posuere. Aenean tincidunt ultricies orci eu elementum. Sed sem tellus, cursus in nisl a, laoreet congue dui. Pellentesque habitant morbi tristique senectus et netus et malesuada fames ac turpis egestas.<br><br></div><h1>Praesent interdum ligula ac&nbsp;</h1><div><br></div><blockquote>Enim convallis, commodo feugiat magna luctus. Sed eu lobortis nulla, in interdum ex. Aliquam pellentesque commodo mollis.&nbsp;</blockquote><div><br>Interdum et malesuada fames ac ante ipsum primis in faucibus. Suspendisse arcu nisi, eleifend vel diam et, fringilla sagittis massa. Pellentesque quis lobortis quam. Morbi sit amet mi vitae risus volutpat eleifend in nec lorem. Ut diam nunc, venenatis egestas porttitor eget, rhoncus nec metus. Nam ac venenatis magna. Vestibulum at lacus nec augue finibus tempus in in dolor. In hac habitasse platea dictumst. Nunc ultricies iaculis velit, eu vulputate urna tincidunt a. Suspendisse potenti.<br><br></div><ul><li>Sed ut varius mi. Praesent nisl erat</li><li>Sodales at sagittis ac, rutrum in neque&nbsp;</li><li>Curabitur eros sapien, condimentum&nbsp;</li><li>Varius consequat vel, faucibus quis dolor.&nbsp;</li></ul><div><br></div><h1>Duis sollicitudin, ligula a sodales ultricies</h1><div><br>Odio urna varius erat, at bibendum sapien metus molestie nibh. Vivamus pharetra imperdiet aliquam. Fusce quis lectus vulputate ipsum molestie elementum a eget odio. Donec mattis risus ut nunc sollicitudin, sed imperdiet ex ultrices. Orci varius natoque penatibus et magnis dis parturient montes, nascetur ridiculus mus. Donec ac tempus ligula.</div><div><br></div><h1>Nunc iaculis mattis metus ac viverra</h1><div><br></div><div>Quisque eleifend faucibus augue, a placerat mi venenatis id. Aenean non viverra tortor. Sed erat tellus, sodales mattis nunc nec, rutrum sollicitudin ligula. In molestie, ex vel pharetra feugiat, metus sapien ultrices odio, quis posuere tortor neque at risus. Maecenas tortor risus, feugiat nec nunc a, molestie euismod lacus. Fusce sagittis risus quis magna placerat, consectetur dapibus ipsum gravida. Nam porttitor faucibus facilisis. Ut id est maximus, pretium metus sit amet, porttitor sapien. Aenean auctor dolor augue, ut vestibulum felis laoreet eu. Fusce ex lectus, scelerisque ut elementum id, auctor ut magna. Fusce ultrices, sem non sodales placerat, ipsum dui consectetur augue, non ultricies nulla libero consectetur velit.<br><br>Praesent dignissim lacinia lectus vel feugiat. Nam euismod nunc at quam volutpat, et molestie enim fringilla. Duis posuere urna vel metus ultricies convallis. <strong>Mauris blandit enim in odio dictum, a tempus lorem luctus.</strong></div><div><br></div><div><br></div><div><br></div><div><br></div><div><br></div>'),
(36,10,'Des contenus légers',5,'https://www.youtube.com/embed/790WTNgg-78','<h1>Lorem ipsum dolor sit amet</h1><div><br></div><div>Consectetur adipiscing elit. Nam non nibh massa. Fusce porta cursus velit, sed vehicula mi ultrices sit amet. Proin in laoreet <em>eros</em>. Pellentesque bibendum felis mi, et tristique ante dignissim a. Donec metus lorem, gravida eu dignissim sed, malesuada ac velit. Quisque ultricies rhoncus diam, vel sollicitudin mi euismod non. Fusce viverra tortor eu justo tincidunt, eget mollis nunc viverra. <strong>Nullam ac sodales leo</strong>. Donec dapibus vehicula tincidunt. Proin nec nisi accumsan, feugiat ex id, faucibus diam. Nunc ac libero quis est pharetra dignissim. In hac habitasse platea dictumst. Vivamus pretium, enim sit amet ullamcorper porta, nibh odio interdum turpis, sit amet blandit urna sapien eget sem. Nulla aliquam nisl nec nunc cursus tristique. <em>Praesent</em> eu dolor eget dui volutpat interdum non in sapien.<br><br></div><h1>Nulla mollis quam sed quam posuere</h1><div><br></div><div>Nec imperdiet justo finibus. Aliquam nibh ipsum, ornare quis viverra quis, malesuada convallis lorem. Morbi mattis fringilla purus, et congue dolor pulvinar eu. Cras et lectus vitae nulla pharetra posuere. Aenean tincidunt ultricies orci eu elementum. Sed sem tellus, cursus in nisl a, laoreet congue dui. Pellentesque habitant morbi tristique senectus et netus et malesuada fames ac turpis egestas.<br><br></div><h1>Praesent interdum ligula ac&nbsp;</h1><div><br></div><blockquote>Enim convallis, commodo feugiat magna luctus. Sed eu lobortis nulla, in interdum ex. Aliquam pellentesque commodo mollis.&nbsp;</blockquote><div><br>Interdum et malesuada fames ac ante ipsum primis in faucibus. Suspendisse arcu nisi, eleifend vel diam et, fringilla sagittis massa. Pellentesque quis lobortis quam. Morbi sit amet mi vitae risus volutpat eleifend in nec lorem. Ut diam nunc, venenatis egestas porttitor eget, rhoncus nec metus. Nam ac venenatis magna. Vestibulum at lacus nec augue finibus tempus in in dolor. In hac habitasse platea dictumst. Nunc ultricies iaculis velit, eu vulputate urna tincidunt a. Suspendisse potenti.<br><br></div><ul><li>Sed ut varius mi. Praesent nisl erat</li><li>Sodales at sagittis ac, rutrum in neque&nbsp;</li><li>Curabitur eros sapien, condimentum&nbsp;</li><li>Varius consequat vel, faucibus quis dolor.&nbsp;</li></ul><div><br></div><h1>Duis sollicitudin, ligula a sodales ultricies</h1><div><br>Odio urna varius erat, at bibendum sapien metus molestie nibh. Vivamus pharetra imperdiet aliquam. Fusce quis lectus vulputate ipsum molestie elementum a eget odio. Donec mattis risus ut nunc sollicitudin, sed imperdiet ex ultrices. Orci varius natoque penatibus et magnis dis parturient montes, nascetur ridiculus mus. Donec ac tempus ligula.</div><div><br></div><h1>Nunc iaculis mattis metus ac viverra</h1><div><br></div><div>Quisque eleifend faucibus augue, a placerat mi venenatis id. Aenean non viverra tortor. Sed erat tellus, sodales mattis nunc nec, rutrum sollicitudin ligula. In molestie, ex vel pharetra feugiat, metus sapien ultrices odio, quis posuere tortor neque at risus. Maecenas tortor risus, feugiat nec nunc a, molestie euismod lacus. Fusce sagittis risus quis magna placerat, consectetur dapibus ipsum gravida. Nam porttitor faucibus facilisis. Ut id est maximus, pretium metus sit amet, porttitor sapien. Aenean auctor dolor augue, ut vestibulum felis laoreet eu. Fusce ex lectus, scelerisque ut elementum id, auctor ut magna. Fusce ultrices, sem non sodales placerat, ipsum dui consectetur augue, non ultricies nulla libero consectetur velit.<br><br>Praesent dignissim lacinia lectus vel feugiat. Nam euismod nunc at quam volutpat, et molestie enim fringilla. Duis posuere urna vel metus ultricies convallis. <strong>Mauris blandit enim in odio dictum, a tempus lorem luctus.</strong></div><div><br></div><div><br></div><div><br></div><div><br></div><div><br></div>'),
(37,10,'Des requêtes limitées à l\'essentiel',6,'https://www.youtube.com/embed/790WTNgg-78','<h1>Lorem ipsum dolor sit amet</h1><div><br></div><div>Consectetur adipiscing elit. Nam non nibh massa. Fusce porta cursus velit, sed vehicula mi ultrices sit amet. Proin in laoreet <em>eros</em>. Pellentesque bibendum felis mi, et tristique ante dignissim a. Donec metus lorem, gravida eu dignissim sed, malesuada ac velit. Quisque ultricies rhoncus diam, vel sollicitudin mi euismod non. Fusce viverra tortor eu justo tincidunt, eget mollis nunc viverra. <strong>Nullam ac sodales leo</strong>. Donec dapibus vehicula tincidunt. Proin nec nisi accumsan, feugiat ex id, faucibus diam. Nunc ac libero quis est pharetra dignissim. In hac habitasse platea dictumst. Vivamus pretium, enim sit amet ullamcorper porta, nibh odio interdum turpis, sit amet blandit urna sapien eget sem. Nulla aliquam nisl nec nunc cursus tristique. <em>Praesent</em> eu dolor eget dui volutpat interdum non in sapien.<br><br></div><h1>Nulla mollis quam sed quam posuere</h1><div><br></div><div>Nec imperdiet justo finibus. Aliquam nibh ipsum, ornare quis viverra quis, malesuada convallis lorem. Morbi mattis fringilla purus, et congue dolor pulvinar eu. Cras et lectus vitae nulla pharetra posuere. Aenean tincidunt ultricies orci eu elementum. Sed sem tellus, cursus in nisl a, laoreet congue dui. Pellentesque habitant morbi tristique senectus et netus et malesuada fames ac turpis egestas.<br><br></div><h1>Praesent interdum ligula ac&nbsp;</h1><div><br></div><blockquote>Enim convallis, commodo feugiat magna luctus. Sed eu lobortis nulla, in interdum ex. Aliquam pellentesque commodo mollis.&nbsp;</blockquote><div><br>Interdum et malesuada fames ac ante ipsum primis in faucibus. Suspendisse arcu nisi, eleifend vel diam et, fringilla sagittis massa. Pellentesque quis lobortis quam. Morbi sit amet mi vitae risus volutpat eleifend in nec lorem. Ut diam nunc, venenatis egestas porttitor eget, rhoncus nec metus. Nam ac venenatis magna. Vestibulum at lacus nec augue finibus tempus in in dolor. In hac habitasse platea dictumst. Nunc ultricies iaculis velit, eu vulputate urna tincidunt a. Suspendisse potenti.<br><br></div><ul><li>Sed ut varius mi. Praesent nisl erat</li><li>Sodales at sagittis ac, rutrum in neque&nbsp;</li><li>Curabitur eros sapien, condimentum&nbsp;</li><li>Varius consequat vel, faucibus quis dolor.&nbsp;</li></ul><div><br></div><h1>Duis sollicitudin, ligula a sodales ultricies</h1><div><br>Odio urna varius erat, at bibendum sapien metus molestie nibh. Vivamus pharetra imperdiet aliquam. Fusce quis lectus vulputate ipsum molestie elementum a eget odio. Donec mattis risus ut nunc sollicitudin, sed imperdiet ex ultrices. Orci varius natoque penatibus et magnis dis parturient montes, nascetur ridiculus mus. Donec ac tempus ligula.</div><div><br></div><h1>Nunc iaculis mattis metus ac viverra</h1><div><br></div><div>Quisque eleifend faucibus augue, a placerat mi venenatis id. Aenean non viverra tortor. Sed erat tellus, sodales mattis nunc nec, rutrum sollicitudin ligula. In molestie, ex vel pharetra feugiat, metus sapien ultrices odio, quis posuere tortor neque at risus. Maecenas tortor risus, feugiat nec nunc a, molestie euismod lacus. Fusce sagittis risus quis magna placerat, consectetur dapibus ipsum gravida. Nam porttitor faucibus facilisis. Ut id est maximus, pretium metus sit amet, porttitor sapien. Aenean auctor dolor augue, ut vestibulum felis laoreet eu. Fusce ex lectus, scelerisque ut elementum id, auctor ut magna. Fusce ultrices, sem non sodales placerat, ipsum dui consectetur augue, non ultricies nulla libero consectetur velit.<br><br>Praesent dignissim lacinia lectus vel feugiat. Nam euismod nunc at quam volutpat, et molestie enim fringilla. Duis posuere urna vel metus ultricies convallis. <strong>Mauris blandit enim in odio dictum, a tempus lorem luctus.</strong></div><div><br></div><div><br></div><div><br></div><div><br></div><div><br></div>');
/*!40000 ALTER TABLE `lesson` ENABLE KEYS */;
UNLOCK TABLES;

--
-- Table structure for table `question`
--

DROP TABLE IF EXISTS `question`;
/*!40101 SET @saved_cs_client     = @@character_set_client */;
/*!40101 SET character_set_client = utf8 */;
CREATE TABLE `question` (
  `id` int NOT NULL AUTO_INCREMENT,
  `quiz_id` int NOT NULL,
  `question` varchar(255) COLLATE utf8mb4_unicode_ci NOT NULL,
  PRIMARY KEY (`id`),
  KEY `IDX_B6F7494E853CD175` (`quiz_id`),
  CONSTRAINT `FK_B6F7494E853CD175` FOREIGN KEY (`quiz_id`) REFERENCES `quiz` (`id`)
) ENGINE=InnoDB AUTO_INCREMENT=27 DEFAULT CHARSET=utf8mb4 COLLATE=utf8mb4_unicode_ci;
/*!40101 SET character_set_client = @saved_cs_client */;

--
-- Dumping data for table `question`
--

LOCK TABLES `question` WRITE;
/*!40000 ALTER TABLE `question` DISABLE KEYS */;
INSERT INTO `question` VALUES
(1,1,'1 Lorem ipsum dolor sit amet, consectetur adipiscing ?'),
(2,1,'2 Lorem ipsum dolor sit amet, consectetur adipiscing ?'),
(3,1,'3 Lorem ipsum dolor sit amet, consectetur adipiscing ?'),
(4,2,'1 Lorem ipsum dolor sit amet, consectetur adipiscing ?'),
(5,2,'2 Lorem ipsum dolor sit amet, consectetur adipiscing ?'),
(6,2,'3 Lorem ipsum dolor sit amet, consectetur adipiscing ?'),
(7,3,'1 Lorem ipsum dolor sit amet, consectetur adipiscing ?'),
(8,3,'2 Lorem ipsum dolor sit amet, consectetur adipiscing ?'),
(9,3,'3 Lorem ipsum dolor sit amet, consectetur adipiscing ?'),
(10,4,'1 Lorem ipsum dolor sit amet, consectetur adipiscing ?'),
(11,4,'2 Lorem ipsum dolor sit amet, consectetur adipiscing ?'),
(12,4,'3 Lorem ipsum dolor sit amet, consectetur adipiscing ?'),
(13,5,'1 Lorem ipsum dolor sit amet, consectetur adipiscing ?'),
(14,5,'2 Lorem ipsum dolor sit amet, consectetur adipiscing ?'),
(15,5,'3 Lorem ipsum dolor sit amet, consectetur adipiscing ?'),
(16,6,'1 Lorem ipsum dolor sit amet, consectetur adipiscing ?'),
(17,6,'2 Lorem ipsum dolor sit amet, consectetur adipiscing ?'),
(18,6,'3 Lorem ipsum dolor sit amet, consectetur adipiscing ?'),
(19,7,'Curabitur lobortis sed nunc vitae tincidunt ?'),
(20,7,'In quis commodo dui. Proin blandit ?'),
(21,7,'Etiam eu quam eu enim efficitu ?'),
(22,7,'Nulla libero diam, dignissim ut justo ?'),
(23,8,'Lorem ipsum dolor sit amet, consectetur adipiscing elit ?'),
(24,8,'Mauris laoreet massa in metus ultricies tempus ?'),
(25,8,'Orci varius natoque penatibus et magnis dis parturient montes ?'),
(26,8,'Duis placerat lobortis erat, a dictum dui ullamcorper nec ?');
/*!40000 ALTER TABLE `question` ENABLE KEYS */;
UNLOCK TABLES;

--
-- Table structure for table `quiz`
--

DROP TABLE IF EXISTS `quiz`;
/*!40101 SET @saved_cs_client     = @@character_set_client */;
/*!40101 SET character_set_client = utf8 */;
CREATE TABLE `quiz` (
  `id` int NOT NULL AUTO_INCREMENT,
  `title` varchar(255) COLLATE utf8mb4_unicode_ci NOT NULL,
  `section_id` int NOT NULL,
  PRIMARY KEY (`id`),
  KEY `IDX_A412FA92D823E37A` (`section_id`),
  CONSTRAINT `FK_A412FA92D823E37A` FOREIGN KEY (`section_id`) REFERENCES `section` (`id`)
) ENGINE=InnoDB AUTO_INCREMENT=9 DEFAULT CHARSET=utf8mb4 COLLATE=utf8mb4_unicode_ci;
/*!40101 SET character_set_client = @saved_cs_client */;

--
-- Dumping data for table `quiz`
--

LOCK TABLES `quiz` WRITE;
/*!40000 ALTER TABLE `quiz` DISABLE KEYS */;
INSERT INTO `quiz` VALUES
(1,'Symfony et ses premières notions',1),
(2,'Symfony et ses fondamentaux',2),
(3,'Symfony et ses utilisateurs',3),
(4,'Les balises HTML',4),
(5,'Le stylage CSS',5),
(6,'JavaScript  - recap',6),
(7,'Généralités sur Swift',7),
(8,'Testez vos connaissances en éco-conception !',10);
/*!40000 ALTER TABLE `quiz` ENABLE KEYS */;
UNLOCK TABLES;

--
-- Table structure for table `section`
--

DROP TABLE IF EXISTS `section`;
/*!40101 SET @saved_cs_client     = @@character_set_client */;
/*!40101 SET character_set_client = utf8 */;
CREATE TABLE `section` (
  `id` int NOT NULL AUTO_INCREMENT,
  `course_id` int NOT NULL,
  `title` varchar(255) COLLATE utf8mb4_unicode_ci NOT NULL,
  `order_in_course` int NOT NULL,
  PRIMARY KEY (`id`),
  KEY `IDX_2D737AEF591CC992` (`course_id`),
  CONSTRAINT `FK_2D737AEF591CC992` FOREIGN KEY (`course_id`) REFERENCES `course` (`id`)
) ENGINE=InnoDB AUTO_INCREMENT=11 DEFAULT CHARSET=utf8mb4 COLLATE=utf8mb4_unicode_ci;
/*!40101 SET character_set_client = @saved_cs_client */;

--
-- Dumping data for table `section`
--

LOCK TABLES `section` WRITE;
/*!40000 ALTER TABLE `section` DISABLE KEYS */;
INSERT INTO `section` VALUES
(1,1,'Débuter un projet Symfony',1),
(2,1,'Les bases',2),
(3,1,'Sécurité',3),
(4,2,'HTML',1),
(5,2,'CSS',2),
(6,2,'JS',3),
(7,3,'Swift',1),
(8,3,'SwiftUI',2),
(9,4,'Généralités',1),
(10,4,'Actions à mettre en place',2);
/*!40000 ALTER TABLE `section` ENABLE KEYS */;
UNLOCK TABLES;

--
-- Table structure for table `student`
--

DROP TABLE IF EXISTS `student`;
/*!40101 SET @saved_cs_client     = @@character_set_client */;
/*!40101 SET character_set_client = utf8 */;
CREATE TABLE `student` (
  `id` int NOT NULL,
  `pseudo` varchar(255) COLLATE utf8mb4_unicode_ci NOT NULL,
  `profile_picture` varchar(255) COLLATE utf8mb4_unicode_ci DEFAULT NULL,
  PRIMARY KEY (`id`),
  UNIQUE KEY `UNIQ_B723AF3386CC499D` (`pseudo`),
  CONSTRAINT `FK_B723AF33BF396750` FOREIGN KEY (`id`) REFERENCES `user` (`id`) ON DELETE CASCADE
) ENGINE=InnoDB DEFAULT CHARSET=utf8mb4 COLLATE=utf8mb4_unicode_ci;
/*!40101 SET character_set_client = @saved_cs_client */;

--
-- Dumping data for table `student`
--

LOCK TABLES `student` WRITE;
/*!40000 ALTER TABLE `student` DISABLE KEYS */;
INSERT INTO `student` VALUES
(5,'decentfrost','generated-photos-5e68613d6d3b380006e916c9-62442e922e48c.png'),
(6,'pullup12','generated-photos-5e68016a6d3b380006d3ba09-62442ec3a8322.png');
/*!40000 ALTER TABLE `student` ENABLE KEYS */;
UNLOCK TABLES;

--
-- Table structure for table `study_material`
--

DROP TABLE IF EXISTS `study_material`;
/*!40101 SET @saved_cs_client     = @@character_set_client */;
/*!40101 SET character_set_client = utf8 */;
CREATE TABLE `study_material` (
  `id` int NOT NULL AUTO_INCREMENT,
  `lesson_id` int NOT NULL,
  `title` varchar(255) COLLATE utf8mb4_unicode_ci NOT NULL,
  `path` varchar(255) COLLATE utf8mb4_unicode_ci NOT NULL,
  PRIMARY KEY (`id`),
  KEY `IDX_DF37601CCDF80196` (`lesson_id`),
  CONSTRAINT `FK_DF37601CCDF80196` FOREIGN KEY (`lesson_id`) REFERENCES `lesson` (`id`)
) ENGINE=InnoDB AUTO_INCREMENT=5 DEFAULT CHARSET=utf8mb4 COLLATE=utf8mb4_unicode_ci;
/*!40101 SET character_set_client = @saved_cs_client */;

--
-- Dumping data for table `study_material`
--

LOCK TABLES `study_material` WRITE;
/*!40000 ALTER TABLE `study_material` DISABLE KEYS */;
INSERT INTO `study_material` VALUES
(1,22,'Swift boucles','1648660663-swift-ressource.pdf'),
(2,30,'Eco-dev cours','1648660713-eco-dev-ressource.pdf'),
(3,31,'Les principaux avantages','1648660757-eco-dev-ressource.pdf'),
(4,32,'Un hébergement vert','1648660775-eco-dev-ressource.pdf');
/*!40000 ALTER TABLE `study_material` ENABLE KEYS */;
UNLOCK TABLES;

--
-- Table structure for table `teacher`
--

DROP TABLE IF EXISTS `teacher`;
/*!40101 SET @saved_cs_client     = @@character_set_client */;
/*!40101 SET character_set_client = utf8 */;
CREATE TABLE `teacher` (
  `id` int NOT NULL,
  `first_name` varchar(255) COLLATE utf8mb4_unicode_ci NOT NULL,
  `last_name` varchar(255) COLLATE utf8mb4_unicode_ci NOT NULL,
  `description` longtext COLLATE utf8mb4_unicode_ci NOT NULL,
  `profile_picture` varchar(255) COLLATE utf8mb4_unicode_ci DEFAULT NULL,
  `is_approved` tinyint(1) NOT NULL,
  PRIMARY KEY (`id`),
  CONSTRAINT `FK_B0F6A6D5BF396750` FOREIGN KEY (`id`) REFERENCES `user` (`id`) ON DELETE CASCADE
) ENGINE=InnoDB DEFAULT CHARSET=utf8mb4 COLLATE=utf8mb4_unicode_ci;
/*!40101 SET character_set_client = @saved_cs_client */;

--
-- Dumping data for table `teacher`
--

LOCK TABLES `teacher` WRITE;
/*!40000 ALTER TABLE `teacher` DISABLE KEYS */;
INSERT INTO `teacher` VALUES
(2,'Jane','Cooper','Développeuse web depuis 5 ans, je suis spécialisée dans le framework Symfony.','generated-photos-5e680d126d3b380006d66061-62442c31961f4.png',1),
(3,'Jamel','Eusebio','Passionné de développement mobile, j\'ai développé de nombreuses applications pour la sensibilisation à l\'environnement.','generated-photos-5e68876b6d3b380006f1c651-62442cb83e8ec.png',1),
(4,'John','Colins','Développeur full stack depuis 3 ans, je suis passionné par l\'environnement.','generated-photos-5e6802d96d3b380006d40fd5-62442d5114b6f.png',0);
/*!40000 ALTER TABLE `teacher` ENABLE KEYS */;
UNLOCK TABLES;

--
-- Table structure for table `user`
--

DROP TABLE IF EXISTS `user`;
/*!40101 SET @saved_cs_client     = @@character_set_client */;
/*!40101 SET character_set_client = utf8 */;
CREATE TABLE `user` (
  `id` int NOT NULL AUTO_INCREMENT,
  `email` varchar(180) COLLATE utf8mb4_unicode_ci NOT NULL,
  `roles` longtext COLLATE utf8mb4_unicode_ci NOT NULL COMMENT '(DC2Type:json)',
  `password` varchar(255) COLLATE utf8mb4_unicode_ci NOT NULL,
  `discr` varchar(255) COLLATE utf8mb4_unicode_ci NOT NULL,
  PRIMARY KEY (`id`),
  UNIQUE KEY `UNIQ_8D93D649E7927C74` (`email`)
) ENGINE=InnoDB AUTO_INCREMENT=7 DEFAULT CHARSET=utf8mb4 COLLATE=utf8mb4_unicode_ci;
/*!40101 SET character_set_client = @saved_cs_client */;

--
-- Dumping data for table `user`
--

LOCK TABLES `user` WRITE;
/*!40000 ALTER TABLE `user` DISABLE KEYS */;
INSERT INTO `user` VALUES
(1,'admin@eco-it.fr','[\"ROLE_ADMIN\"]','$2y$13$eEIBaj03LIJ5RR5ma6eV0OZPBaDGnOgW8rFBGAMuc/6d0jhX4p2Ny','admin'),
(2,'jane.cooper@eco-it.fr','[\"ROLE_TEACHER\"]','$2y$13$Ql8S2tJWV7sakAlN3jCcyeCdfN3JZFmrLkdxw10q4CWt3QBk7woxK','teacher'),
(3,'jamel.eusebio@eco-it.fr','[\"ROLE_TEACHER\"]','$2y$13$.s..UWfSC/c4xAWDjY1h4OXxmGpcmriNZihABiKhZZWniRXQi8IMa','teacher'),
(4,'john.colins@eco-it.fr','[\"ROLE_TEACHER\"]','$2y$13$3FcHErHiDW8wDAfhiXhrb.Kc9H6YMLNYopQzNvem06YNeT.rNq61i','teacher'),
(5,'decentfrost@eco-it.fr','[\"ROLE_STUDENT\"]','$2y$13$sdaeNB87x0qi9I5RA5EoSufn0nsFrN8qBXzfcHEX6dZWwiPR.E4Xy','student'),
(6,'pullup12@eco-it.fr','[\"ROLE_STUDENT\"]','$2y$13$NL1HknYoH7ohkMIutWwqUef2pq0phqsOGX7i2T.5emXXRtJYKJRSi','student');
/*!40000 ALTER TABLE `user` ENABLE KEYS */;
UNLOCK TABLES;
/*!40103 SET TIME_ZONE=@OLD_TIME_ZONE */;

/*!40101 SET SQL_MODE=@OLD_SQL_MODE */;
/*!40014 SET FOREIGN_KEY_CHECKS=@OLD_FOREIGN_KEY_CHECKS */;
/*!40014 SET UNIQUE_CHECKS=@OLD_UNIQUE_CHECKS */;
/*!40101 SET CHARACTER_SET_CLIENT=@OLD_CHARACTER_SET_CLIENT */;
/*!40101 SET CHARACTER_SET_RESULTS=@OLD_CHARACTER_SET_RESULTS */;
/*!40101 SET COLLATION_CONNECTION=@OLD_COLLATION_CONNECTION */;
/*!40111 SET SQL_NOTES=@OLD_SQL_NOTES */;

-- Dump completed on 2022-03-30 19:40:20
